Set,category,character_index,stroke_count,character,correct_word,current_word,filename,match,pairing_md5,create_id
A,color,10,6,红,Red,Horse,red.png,FALSE,09dd67565319ca3cb5eb31a6603cd47c,1
A,furniture,24,6,灯,Lamp,Lamp,lamp.png,TRUE,2976de61d20dc41dbb8ffacdb2b43c9d,1
A,body,8,4,手,Hand,Hand,hand.png,TRUE,a351144ce3f48779c4b5252da2b4ef40,1
A,animals,33,4,马,Horse,Horse,horse.png,TRUE,b9f9fea6a4f2caaa09b27ed37081235c,1
A,foods,92,6,汤,Soup,Soup,soup.png,TRUE,5feda4569c4b7b6c1b553c1eedb8c569,1
A,geography,66,7,岛,Island,Red,island.png,FALSE,6815bdb09ebbbe3c9cee5c4091fa9fd5,1
A,furniture,24,6,灯,Lamp,Tomato,lamp.png,FALSE,c7e86e769bba16ba4c17ae289ad78b4a,1
A,animals,33,4,马,Horse,Red,horse.png,FALSE,a91d58cdfcea596071af712847239e0d,1
A,foods,92,6,汤,Soup,Paper,soup.png,FALSE,9a552c6634da7c4357fda31c15457b53,1
A,geography,66,7,岛,Island,Island,island.png,TRUE,b8171b43371c479c90e3bb3a154d4bb1,1
A,furniture,24,6,灯,Lamp,Lamp,lamp.png,TRUE,2976de61d20dc41dbb8ffacdb2b43c9d,1
A,foods,92,6,汤,Soup,Island,soup.png,FALSE,1d6931853a21dda947f7849242541b65,1
A,body,8,4,手,Hand,Lamp,hand.png,FALSE,5faedb476a151501501c1b3d212b1e80,1
A,office,75,7,纸,Paper,Horse,paper.png,FALSE,d4036241002888a5cef5a829cdef1bb1,1
A,foods,92,6,汤,Soup,Soup,soup.png,TRUE,5feda4569c4b7b6c1b553c1eedb8c569,1
A,fruit,41,8,茄,Tomato,Tomato,tomato.png,TRUE,aea071454dca7a0de63a675c5574fadb,1
A,furniture,24,6,灯,Lamp,Soup,lamp.png,FALSE,03e30e2742d9f38a68c1a8d0672587cf,1
A,geography,66,7,岛,Island,Island,island.png,TRUE,b8171b43371c479c90e3bb3a154d4bb1,1
A,color,10,6,红,Red,Red,red.png,TRUE,0b0ddd21bc41cd3087fe59230b6282b7,1
A,body,8,4,手,Hand,Hand,hand.png,TRUE,a351144ce3f48779c4b5252da2b4ef40,1
A,fruit,41,8,茄,Tomato,Paper,tomato.png,FALSE,d2ab36c372de847458b958eae29d4e6a,1
A,color,10,6,红,Red,Red,red.png,TRUE,0b0ddd21bc41cd3087fe59230b6282b7,1
A,fruit,41,8,茄,Tomato,Lamp,tomato.png,FALSE,6927fcba20474f7b776d384de05081bc,1
A,office,75,7,纸,Paper,Paper,paper.png,TRUE,c4422c05e8e0f41975b2123f8d377bed,1
A,office,75,7,纸,Paper,Paper,paper.png,TRUE,c4422c05e8e0f41975b2123f8d377bed,1
A,body,8,4,手,Hand,Tomato,hand.png,FALSE,db34517a9c074f5f2fbce9a4126c0f27,1
A,fruit,41,8,茄,Tomato,Tomato,tomato.png,TRUE,aea071454dca7a0de63a675c5574fadb,1
A,office,75,7,纸,Paper,Hand,paper.png,FALSE,006a244777c34bdcffc83a35a458a196,1
A,animals,33,4,马,Horse,Horse,horse.png,TRUE,b9f9fea6a4f2caaa09b27ed37081235c,1
A,animals,33,4,马,Horse,Island,horse.png,FALSE,d6754dcf798dd149020886baefb3a115,1
A,geography,66,7,岛,Island,Hand,island.png,FALSE,af5d1ec700260a053454993e99de5e85,1
A,color,10,6,红,Red,Soup,red.png,FALSE,c2962301ec328f80737ce306409feb0d,1
