Set,category,character_index,stroke_count,character,correct_word,current_word,filename,match,pairing_md5,create_id
A,foods,92,6,汤,Soup,Soup,soup.png,TRUE,5feda4569c4b7b6c1b553c1eedb8c569,6
A,color,10,6,红,Red,Red,red.png,TRUE,0b0ddd21bc41cd3087fe59230b6282b7,6
A,animals,33,4,马,Horse,Horse,horse.png,TRUE,b9f9fea6a4f2caaa09b27ed37081235c,6
A,office,75,7,纸,Paper,Paper,paper.png,TRUE,c4422c05e8e0f41975b2123f8d377bed,6
A,geography,66,7,岛,Island,Hand,island.png,FALSE,af5d1ec700260a053454993e99de5e85,6
A,foods,92,6,汤,Soup,Soup,soup.png,TRUE,5feda4569c4b7b6c1b553c1eedb8c569,6
A,body,8,4,手,Hand,Paper,hand.png,FALSE,5cbfd8985c4d2a7f0a31d0f074a37a0e,6
A,geography,66,7,岛,Island,Island,island.png,TRUE,b8171b43371c479c90e3bb3a154d4bb1,6
A,office,75,7,纸,Paper,Lamp,paper.png,FALSE,2c588bee7462979f5388bf16a6823dec,6
A,office,75,7,纸,Paper,Island,paper.png,FALSE,01e31aa888f2833baf46f22fc5201c52,6
A,animals,33,4,马,Horse,Tomato,horse.png,FALSE,c80a2fcb0db8de552577154db549ef4c,6
A,fruit,41,8,茄,Tomato,Tomato,tomato.png,TRUE,aea071454dca7a0de63a675c5574fadb,6
A,color,10,6,红,Red,Island,red.png,FALSE,b6f58022955351327f5f65cf350ae765,6
A,body,8,4,手,Hand,Soup,hand.png,FALSE,32d29c792375b87556440ecb54ab395e,6
A,color,10,6,红,Red,Red,red.png,TRUE,0b0ddd21bc41cd3087fe59230b6282b7,6
A,foods,92,6,汤,Soup,Red,soup.png,FALSE,ff8bd7fef21ecb0d9c2e1811e93d4cbb,6
A,furniture,24,6,灯,Lamp,Horse,lamp.png,FALSE,8db928647bee9ab7a0a8ba17f79b5c20,6
A,body,8,4,手,Hand,Hand,hand.png,TRUE,a351144ce3f48779c4b5252da2b4ef40,6
A,animals,33,4,马,Horse,Horse,horse.png,TRUE,b9f9fea6a4f2caaa09b27ed37081235c,6
A,office,75,7,纸,Paper,Paper,paper.png,TRUE,c4422c05e8e0f41975b2123f8d377bed,6
A,foods,92,6,汤,Soup,Paper,soup.png,FALSE,9a552c6634da7c4357fda31c15457b53,6
A,color,10,6,红,Red,Tomato,red.png,FALSE,0e8d52185393426bc6ee54bf255ce558,6
A,furniture,24,6,灯,Lamp,Red,lamp.png,FALSE,e74aa1b51294109049d035c6b204bcbf,6
A,fruit,41,8,茄,Tomato,Horse,tomato.png,FALSE,0e36bf976ea46d7081c5aa1ce1d98c86,6
A,fruit,41,8,茄,Tomato,Tomato,tomato.png,TRUE,aea071454dca7a0de63a675c5574fadb,6
A,furniture,24,6,灯,Lamp,Lamp,lamp.png,TRUE,2976de61d20dc41dbb8ffacdb2b43c9d,6
A,furniture,24,6,灯,Lamp,Lamp,lamp.png,TRUE,2976de61d20dc41dbb8ffacdb2b43c9d,6
A,animals,33,4,马,Horse,Soup,horse.png,FALSE,0ba9af7217039548d029967deab5b710,6
A,fruit,41,8,茄,Tomato,Hand,tomato.png,FALSE,00b4b7e4b49edb08938091f7bc25e47a,6
A,geography,66,7,岛,Island,Lamp,island.png,FALSE,023df20ef7924fd00de705092464351a,6
A,geography,66,7,岛,Island,Island,island.png,TRUE,b8171b43371c479c90e3bb3a154d4bb1,6
A,body,8,4,手,Hand,Hand,hand.png,TRUE,a351144ce3f48779c4b5252da2b4ef40,6
