Set,category,character_index,stroke_count,character,correct_word,current_word,filename,match,pairing_md5,create_id
A,body,8,4,手,Hand,Soup,hand.png,FALSE,32d29c792375b87556440ecb54ab395e,16
A,color,10,6,红,Red,Paper,red.png,FALSE,f405b316a9649080028d9ec5ed5599fb,16
A,body,8,4,手,Hand,Hand,hand.png,TRUE,a351144ce3f48779c4b5252da2b4ef40,16
A,fruit,41,8,茄,Tomato,Island,tomato.png,FALSE,682fbb87a6af971b2ee13c2035394f02,16
A,animals,33,4,马,Horse,Tomato,horse.png,FALSE,c80a2fcb0db8de552577154db549ef4c,16
A,furniture,24,6,灯,Lamp,Island,lamp.png,FALSE,1454bf7bd6782add5b6c6f8d69c36fa3,16
A,animals,33,4,马,Horse,Horse,horse.png,TRUE,b9f9fea6a4f2caaa09b27ed37081235c,16
A,furniture,24,6,灯,Lamp,Lamp,lamp.png,TRUE,2976de61d20dc41dbb8ffacdb2b43c9d,16
A,foods,92,6,汤,Soup,Horse,soup.png,FALSE,4bc6cbc4bf4b62f5ae92db2c4da93551,16
A,foods,92,6,汤,Soup,Hand,soup.png,FALSE,dfe5cc83ea4d3022a17ec3c97a34cca6,16
A,fruit,41,8,茄,Tomato,Tomato,tomato.png,TRUE,aea071454dca7a0de63a675c5574fadb,16
A,office,75,7,纸,Paper,Paper,paper.png,TRUE,c4422c05e8e0f41975b2123f8d377bed,16
A,body,8,4,手,Hand,Hand,hand.png,TRUE,a351144ce3f48779c4b5252da2b4ef40,16
A,office,75,7,纸,Paper,Lamp,paper.png,FALSE,2c588bee7462979f5388bf16a6823dec,16
A,foods,92,6,汤,Soup,Soup,soup.png,TRUE,5feda4569c4b7b6c1b553c1eedb8c569,16
A,animals,33,4,马,Horse,Horse,horse.png,TRUE,b9f9fea6a4f2caaa09b27ed37081235c,16
A,furniture,24,6,灯,Lamp,Red,lamp.png,FALSE,e74aa1b51294109049d035c6b204bcbf,16
A,office,75,7,纸,Paper,Paper,paper.png,TRUE,c4422c05e8e0f41975b2123f8d377bed,16
A,color,10,6,红,Red,Red,red.png,TRUE,0b0ddd21bc41cd3087fe59230b6282b7,16
A,geography,66,7,岛,Island,Island,island.png,TRUE,b8171b43371c479c90e3bb3a154d4bb1,16
A,geography,66,7,岛,Island,Red,island.png,FALSE,6815bdb09ebbbe3c9cee5c4091fa9fd5,16
A,furniture,24,6,灯,Lamp,Lamp,lamp.png,TRUE,2976de61d20dc41dbb8ffacdb2b43c9d,16
A,foods,92,6,汤,Soup,Soup,soup.png,TRUE,5feda4569c4b7b6c1b553c1eedb8c569,16
A,geography,66,7,岛,Island,Island,island.png,TRUE,b8171b43371c479c90e3bb3a154d4bb1,16
A,geography,66,7,岛,Island,Hand,island.png,FALSE,af5d1ec700260a053454993e99de5e85,16
A,color,10,6,红,Red,Lamp,red.png,FALSE,7c86b2130e0a7076dc1df7921ae80919,16
A,office,75,7,纸,Paper,Tomato,paper.png,FALSE,4dab3a9937cfa0fb1ba06a9ba6e6927b,16
A,fruit,41,8,茄,Tomato,Horse,tomato.png,FALSE,0e36bf976ea46d7081c5aa1ce1d98c86,16
A,fruit,41,8,茄,Tomato,Tomato,tomato.png,TRUE,aea071454dca7a0de63a675c5574fadb,16
A,color,10,6,红,Red,Red,red.png,TRUE,0b0ddd21bc41cd3087fe59230b6282b7,16
A,animals,33,4,马,Horse,Soup,horse.png,FALSE,0ba9af7217039548d029967deab5b710,16
A,body,8,4,手,Hand,Paper,hand.png,FALSE,5cbfd8985c4d2a7f0a31d0f074a37a0e,16
