Set,category,character_index,stroke_count,character,correct_word,current_word,filename,match,pairing_md5,create_id
A,body,8,4,手,Hand,Hand,hand.png,TRUE,a351144ce3f48779c4b5252da2b4ef40,11
A,animals,33,4,马,Horse,Horse,horse.png,TRUE,b9f9fea6a4f2caaa09b27ed37081235c,11
A,body,8,4,手,Hand,Lamp,hand.png,FALSE,5faedb476a151501501c1b3d212b1e80,11
A,body,8,4,手,Hand,Island,hand.png,FALSE,a3fc08d9de97bd435ffa9179f5cf6d33,11
A,color,10,6,红,Red,Red,red.png,TRUE,0b0ddd21bc41cd3087fe59230b6282b7,11
A,geography,66,7,岛,Island,Island,island.png,TRUE,b8171b43371c479c90e3bb3a154d4bb1,11
A,office,75,7,纸,Paper,Paper,paper.png,TRUE,c4422c05e8e0f41975b2123f8d377bed,11
A,geography,66,7,岛,Island,Soup,island.png,FALSE,57a4c375196185278c7ab4abd88b89dc,11
A,foods,92,6,汤,Soup,Soup,soup.png,TRUE,5feda4569c4b7b6c1b553c1eedb8c569,11
A,animals,33,4,马,Horse,Hand,horse.png,FALSE,f67fea5a5fbf4615f5a007477bf6b6d6,11
A,fruit,41,8,茄,Tomato,Tomato,tomato.png,TRUE,aea071454dca7a0de63a675c5574fadb,11
A,color,10,6,红,Red,Tomato,red.png,FALSE,0e8d52185393426bc6ee54bf255ce558,11
A,furniture,24,6,灯,Lamp,Island,lamp.png,FALSE,1454bf7bd6782add5b6c6f8d69c36fa3,11
A,animals,33,4,马,Horse,Horse,horse.png,TRUE,b9f9fea6a4f2caaa09b27ed37081235c,11
A,fruit,41,8,茄,Tomato,Red,tomato.png,FALSE,7ca79f3f6d323d570fbdc61eacdaf4f3,11
A,office,75,7,纸,Paper,Soup,paper.png,FALSE,7ac66290249349ba397e04cae2925ce1,11
A,furniture,24,6,灯,Lamp,Tomato,lamp.png,FALSE,c7e86e769bba16ba4c17ae289ad78b4a,11
A,office,75,7,纸,Paper,Paper,paper.png,TRUE,c4422c05e8e0f41975b2123f8d377bed,11
A,foods,92,6,汤,Soup,Soup,soup.png,TRUE,5feda4569c4b7b6c1b553c1eedb8c569,11
A,furniture,24,6,灯,Lamp,Lamp,lamp.png,TRUE,2976de61d20dc41dbb8ffacdb2b43c9d,11
A,animals,33,4,马,Horse,Paper,horse.png,FALSE,a2d89102e35998c5f05da8d7d2232ec6,11
A,fruit,41,8,茄,Tomato,Tomato,tomato.png,TRUE,aea071454dca7a0de63a675c5574fadb,11
A,office,75,7,纸,Paper,Horse,paper.png,FALSE,d4036241002888a5cef5a829cdef1bb1,11
A,body,8,4,手,Hand,Hand,hand.png,TRUE,a351144ce3f48779c4b5252da2b4ef40,11
A,color,10,6,红,Red,Lamp,red.png,FALSE,7c86b2130e0a7076dc1df7921ae80919,11
A,color,10,6,红,Red,Red,red.png,TRUE,0b0ddd21bc41cd3087fe59230b6282b7,11
A,geography,66,7,岛,Island,Island,island.png,TRUE,b8171b43371c479c90e3bb3a154d4bb1,11
A,foods,92,6,汤,Soup,Red,soup.png,FALSE,ff8bd7fef21ecb0d9c2e1811e93d4cbb,11
A,geography,66,7,岛,Island,Hand,island.png,FALSE,af5d1ec700260a053454993e99de5e85,11
A,foods,92,6,汤,Soup,Paper,soup.png,FALSE,9a552c6634da7c4357fda31c15457b53,11
A,fruit,41,8,茄,Tomato,Horse,tomato.png,FALSE,0e36bf976ea46d7081c5aa1ce1d98c86,11
A,furniture,24,6,灯,Lamp,Lamp,lamp.png,TRUE,2976de61d20dc41dbb8ffacdb2b43c9d,11
