Set,category,character_index,stroke_count,character,correct_word,current_word,filename,match,pairing_md5,create_id
A,geography,66,7,岛,Island,Island,island.png,TRUE,b8171b43371c479c90e3bb3a154d4bb1,8
A,body,8,4,手,Hand,Lamp,hand.png,FALSE,5faedb476a151501501c1b3d212b1e80,8
A,animals,33,4,马,Horse,Horse,horse.png,TRUE,b9f9fea6a4f2caaa09b27ed37081235c,8
A,color,10,6,红,Red,Red,red.png,TRUE,0b0ddd21bc41cd3087fe59230b6282b7,8
A,office,75,7,纸,Paper,Paper,paper.png,TRUE,c4422c05e8e0f41975b2123f8d377bed,8
A,foods,92,6,汤,Soup,Horse,soup.png,FALSE,4bc6cbc4bf4b62f5ae92db2c4da93551,8
A,office,75,7,纸,Paper,Red,paper.png,FALSE,0a5e27fc338ff7fe46186befe74dc9ff,8
A,color,10,6,红,Red,Lamp,red.png,FALSE,7c86b2130e0a7076dc1df7921ae80919,8
A,color,10,6,红,Red,Red,red.png,TRUE,0b0ddd21bc41cd3087fe59230b6282b7,8
A,geography,66,7,岛,Island,Hand,island.png,FALSE,af5d1ec700260a053454993e99de5e85,8
A,fruit,41,8,茄,Tomato,Tomato,tomato.png,TRUE,aea071454dca7a0de63a675c5574fadb,8
A,furniture,24,6,灯,Lamp,Island,lamp.png,FALSE,1454bf7bd6782add5b6c6f8d69c36fa3,8
A,body,8,4,手,Hand,Red,hand.png,FALSE,90d7556464071d34b5dd6427fe4fe108,8
A,geography,66,7,岛,Island,Horse,island.png,FALSE,d5726bd4066a3fa808d15f6e3724288f,8
A,furniture,24,6,灯,Lamp,Lamp,lamp.png,TRUE,2976de61d20dc41dbb8ffacdb2b43c9d,8
A,fruit,41,8,茄,Tomato,Soup,tomato.png,FALSE,2fb93615cdbb113f1ff64b12c44dcd21,8
A,office,75,7,纸,Paper,Paper,paper.png,TRUE,c4422c05e8e0f41975b2123f8d377bed,8
A,fruit,41,8,茄,Tomato,Hand,tomato.png,FALSE,00b4b7e4b49edb08938091f7bc25e47a,8
A,body,8,4,手,Hand,Hand,hand.png,TRUE,a351144ce3f48779c4b5252da2b4ef40,8
A,animals,33,4,马,Horse,Horse,horse.png,TRUE,b9f9fea6a4f2caaa09b27ed37081235c,8
A,foods,92,6,汤,Soup,Tomato,soup.png,FALSE,a9501d3433bf573287164e802d41306c,8
A,foods,92,6,汤,Soup,Soup,soup.png,TRUE,5feda4569c4b7b6c1b553c1eedb8c569,8
A,geography,66,7,岛,Island,Island,island.png,TRUE,b8171b43371c479c90e3bb3a154d4bb1,8
A,color,10,6,红,Red,Island,red.png,FALSE,b6f58022955351327f5f65cf350ae765,8
A,furniture,24,6,灯,Lamp,Paper,lamp.png,FALSE,f7aa65309df6d111b38ca7657863aa2e,8
A,office,75,7,纸,Paper,Soup,paper.png,FALSE,7ac66290249349ba397e04cae2925ce1,8
A,foods,92,6,汤,Soup,Soup,soup.png,TRUE,5feda4569c4b7b6c1b553c1eedb8c569,8
A,body,8,4,手,Hand,Hand,hand.png,TRUE,a351144ce3f48779c4b5252da2b4ef40,8
A,fruit,41,8,茄,Tomato,Tomato,tomato.png,TRUE,aea071454dca7a0de63a675c5574fadb,8
A,animals,33,4,马,Horse,Tomato,horse.png,FALSE,c80a2fcb0db8de552577154db549ef4c,8
A,furniture,24,6,灯,Lamp,Lamp,lamp.png,TRUE,2976de61d20dc41dbb8ffacdb2b43c9d,8
A,animals,33,4,马,Horse,Paper,horse.png,FALSE,a2d89102e35998c5f05da8d7d2232ec6,8
