Set,category,character_index,stroke_count,character,correct_word,current_word,filename,match,pairing_md5,create_id
A,fruit,41,8,茄,Tomato,Tomato,tomato.png,TRUE,aea071454dca7a0de63a675c5574fadb,5
A,color,10,6,红,Red,Lamp,red.png,FALSE,7c86b2130e0a7076dc1df7921ae80919,5
A,body,8,4,手,Hand,Hand,hand.png,TRUE,a351144ce3f48779c4b5252da2b4ef40,5
A,body,8,4,手,Hand,Paper,hand.png,FALSE,5cbfd8985c4d2a7f0a31d0f074a37a0e,5
A,foods,92,6,汤,Soup,Paper,soup.png,FALSE,9a552c6634da7c4357fda31c15457b53,5
A,furniture,24,6,灯,Lamp,Tomato,lamp.png,FALSE,c7e86e769bba16ba4c17ae289ad78b4a,5
A,foods,92,6,汤,Soup,Soup,soup.png,TRUE,5feda4569c4b7b6c1b553c1eedb8c569,5
A,animals,33,4,马,Horse,Hand,horse.png,FALSE,f67fea5a5fbf4615f5a007477bf6b6d6,5
A,office,75,7,纸,Paper,Paper,paper.png,TRUE,c4422c05e8e0f41975b2123f8d377bed,5
A,office,75,7,纸,Paper,Paper,paper.png,TRUE,c4422c05e8e0f41975b2123f8d377bed,5
A,body,8,4,手,Hand,Hand,hand.png,TRUE,a351144ce3f48779c4b5252da2b4ef40,5
A,fruit,41,8,茄,Tomato,Soup,tomato.png,FALSE,2fb93615cdbb113f1ff64b12c44dcd21,5
A,color,10,6,红,Red,Soup,red.png,FALSE,c2962301ec328f80737ce306409feb0d,5
A,geography,66,7,岛,Island,Island,island.png,TRUE,b8171b43371c479c90e3bb3a154d4bb1,5
A,fruit,41,8,茄,Tomato,Red,tomato.png,FALSE,7ca79f3f6d323d570fbdc61eacdaf4f3,5
A,geography,66,7,岛,Island,Red,island.png,FALSE,6815bdb09ebbbe3c9cee5c4091fa9fd5,5
A,fruit,41,8,茄,Tomato,Tomato,tomato.png,TRUE,aea071454dca7a0de63a675c5574fadb,5
A,color,10,6,红,Red,Red,red.png,TRUE,0b0ddd21bc41cd3087fe59230b6282b7,5
A,geography,66,7,岛,Island,Lamp,island.png,FALSE,023df20ef7924fd00de705092464351a,5
A,office,75,7,纸,Paper,Hand,paper.png,FALSE,006a244777c34bdcffc83a35a458a196,5
A,furniture,24,6,灯,Lamp,Lamp,lamp.png,TRUE,2976de61d20dc41dbb8ffacdb2b43c9d,5
A,office,75,7,纸,Paper,Horse,paper.png,FALSE,d4036241002888a5cef5a829cdef1bb1,5
A,color,10,6,红,Red,Red,red.png,TRUE,0b0ddd21bc41cd3087fe59230b6282b7,5
A,foods,92,6,汤,Soup,Soup,soup.png,TRUE,5feda4569c4b7b6c1b553c1eedb8c569,5
A,body,8,4,手,Hand,Island,hand.png,FALSE,a3fc08d9de97bd435ffa9179f5cf6d33,5
A,furniture,24,6,灯,Lamp,Lamp,lamp.png,TRUE,2976de61d20dc41dbb8ffacdb2b43c9d,5
A,foods,92,6,汤,Soup,Tomato,soup.png,FALSE,a9501d3433bf573287164e802d41306c,5
A,furniture,24,6,灯,Lamp,Horse,lamp.png,FALSE,8db928647bee9ab7a0a8ba17f79b5c20,5
A,geography,66,7,岛,Island,Island,island.png,TRUE,b8171b43371c479c90e3bb3a154d4bb1,5
A,animals,33,4,马,Horse,Horse,horse.png,TRUE,b9f9fea6a4f2caaa09b27ed37081235c,5
A,animals,33,4,马,Horse,Island,horse.png,FALSE,d6754dcf798dd149020886baefb3a115,5
A,animals,33,4,马,Horse,Horse,horse.png,TRUE,b9f9fea6a4f2caaa09b27ed37081235c,5
