Set,category,character_index,stroke_count,character,correct_word,current_word,filename,match,pairing_md5,create_id
A,fruit,41,8,茄,Tomato,Tomato,tomato.png,TRUE,aea071454dca7a0de63a675c5574fadb,13
A,body,8,4,手,Hand,Horse,hand.png,FALSE,cf64dc119ecf47f306f6b0695ef6dc52,13
A,fruit,41,8,茄,Tomato,Tomato,tomato.png,TRUE,aea071454dca7a0de63a675c5574fadb,13
A,furniture,24,6,灯,Lamp,Lamp,lamp.png,TRUE,2976de61d20dc41dbb8ffacdb2b43c9d,13
A,animals,33,4,马,Horse,Horse,horse.png,TRUE,b9f9fea6a4f2caaa09b27ed37081235c,13
A,color,10,6,红,Red,Red,red.png,TRUE,0b0ddd21bc41cd3087fe59230b6282b7,13
A,furniture,24,6,灯,Lamp,Tomato,lamp.png,FALSE,c7e86e769bba16ba4c17ae289ad78b4a,13
A,furniture,24,6,灯,Lamp,Red,lamp.png,FALSE,e74aa1b51294109049d035c6b204bcbf,13
A,office,75,7,纸,Paper,Hand,paper.png,FALSE,006a244777c34bdcffc83a35a458a196,13
A,foods,92,6,汤,Soup,Island,soup.png,FALSE,1d6931853a21dda947f7849242541b65,13
A,body,8,4,手,Hand,Lamp,hand.png,FALSE,5faedb476a151501501c1b3d212b1e80,13
A,animals,33,4,马,Horse,Horse,horse.png,TRUE,b9f9fea6a4f2caaa09b27ed37081235c,13
A,office,75,7,纸,Paper,Paper,paper.png,TRUE,c4422c05e8e0f41975b2123f8d377bed,13
A,body,8,4,手,Hand,Hand,hand.png,TRUE,a351144ce3f48779c4b5252da2b4ef40,13
A,color,10,6,红,Red,Red,red.png,TRUE,0b0ddd21bc41cd3087fe59230b6282b7,13
A,geography,66,7,岛,Island,Island,island.png,TRUE,b8171b43371c479c90e3bb3a154d4bb1,13
A,foods,92,6,汤,Soup,Soup,soup.png,TRUE,5feda4569c4b7b6c1b553c1eedb8c569,13
A,color,10,6,红,Red,Paper,red.png,FALSE,f405b316a9649080028d9ec5ed5599fb,13
A,animals,33,4,马,Horse,Soup,horse.png,FALSE,0ba9af7217039548d029967deab5b710,13
A,furniture,24,6,灯,Lamp,Lamp,lamp.png,TRUE,2976de61d20dc41dbb8ffacdb2b43c9d,13
A,fruit,41,8,茄,Tomato,Island,tomato.png,FALSE,682fbb87a6af971b2ee13c2035394f02,13
A,foods,92,6,汤,Soup,Soup,soup.png,TRUE,5feda4569c4b7b6c1b553c1eedb8c569,13
A,body,8,4,手,Hand,Hand,hand.png,TRUE,a351144ce3f48779c4b5252da2b4ef40,13
A,geography,66,7,岛,Island,Island,island.png,TRUE,b8171b43371c479c90e3bb3a154d4bb1,13
A,geography,66,7,岛,Island,Paper,island.png,FALSE,71c916b3944906c7d3ef287fcf9c250e,13
A,geography,66,7,岛,Island,Horse,island.png,FALSE,d5726bd4066a3fa808d15f6e3724288f,13
A,fruit,41,8,茄,Tomato,Lamp,tomato.png,FALSE,6927fcba20474f7b776d384de05081bc,13
A,animals,33,4,马,Horse,Red,horse.png,FALSE,a91d58cdfcea596071af712847239e0d,13
A,color,10,6,红,Red,Soup,red.png,FALSE,c2962301ec328f80737ce306409feb0d,13
A,office,75,7,纸,Paper,Paper,paper.png,TRUE,c4422c05e8e0f41975b2123f8d377bed,13
A,foods,92,6,汤,Soup,Hand,soup.png,FALSE,dfe5cc83ea4d3022a17ec3c97a34cca6,13
A,office,75,7,纸,Paper,Tomato,paper.png,FALSE,4dab3a9937cfa0fb1ba06a9ba6e6927b,13
