Set,category,character_index,stroke_count,character,correct_word,current_word,filename,match,pairing_md5,create_id
A,foods,92,6,汤,Soup,Red,soup.png,FALSE,ff8bd7fef21ecb0d9c2e1811e93d4cbb,12
A,office,75,7,纸,Paper,Tomato,paper.png,FALSE,4dab3a9937cfa0fb1ba06a9ba6e6927b,12
A,office,75,7,纸,Paper,Paper,paper.png,TRUE,c4422c05e8e0f41975b2123f8d377bed,12
A,body,8,4,手,Hand,Hand,hand.png,TRUE,a351144ce3f48779c4b5252da2b4ef40,12
A,foods,92,6,汤,Soup,Soup,soup.png,TRUE,5feda4569c4b7b6c1b553c1eedb8c569,12
A,color,10,6,红,Red,Red,red.png,TRUE,0b0ddd21bc41cd3087fe59230b6282b7,12
A,body,8,4,手,Hand,Hand,hand.png,TRUE,a351144ce3f48779c4b5252da2b4ef40,12
A,office,75,7,纸,Paper,Paper,paper.png,TRUE,c4422c05e8e0f41975b2123f8d377bed,12
A,geography,66,7,岛,Island,Soup,island.png,FALSE,57a4c375196185278c7ab4abd88b89dc,12
A,animals,33,4,马,Horse,Horse,horse.png,TRUE,b9f9fea6a4f2caaa09b27ed37081235c,12
A,color,10,6,红,Red,Red,red.png,TRUE,0b0ddd21bc41cd3087fe59230b6282b7,12
A,foods,92,6,汤,Soup,Paper,soup.png,FALSE,9a552c6634da7c4357fda31c15457b53,12
A,fruit,41,8,茄,Tomato,Tomato,tomato.png,TRUE,aea071454dca7a0de63a675c5574fadb,12
A,body,8,4,手,Hand,Horse,hand.png,FALSE,cf64dc119ecf47f306f6b0695ef6dc52,12
A,geography,66,7,岛,Island,Island,island.png,TRUE,b8171b43371c479c90e3bb3a154d4bb1,12
A,animals,33,4,马,Horse,Hand,horse.png,FALSE,f67fea5a5fbf4615f5a007477bf6b6d6,12
A,furniture,24,6,灯,Lamp,Soup,lamp.png,FALSE,03e30e2742d9f38a68c1a8d0672587cf,12
A,office,75,7,纸,Paper,Island,paper.png,FALSE,01e31aa888f2833baf46f22fc5201c52,12
A,color,10,6,红,Red,Lamp,red.png,FALSE,7c86b2130e0a7076dc1df7921ae80919,12
A,animals,33,4,马,Horse,Horse,horse.png,TRUE,b9f9fea6a4f2caaa09b27ed37081235c,12
A,furniture,24,6,灯,Lamp,Island,lamp.png,FALSE,1454bf7bd6782add5b6c6f8d69c36fa3,12
A,fruit,41,8,茄,Tomato,Lamp,tomato.png,FALSE,6927fcba20474f7b776d384de05081bc,12
A,furniture,24,6,灯,Lamp,Lamp,lamp.png,TRUE,2976de61d20dc41dbb8ffacdb2b43c9d,12
A,geography,66,7,岛,Island,Island,island.png,TRUE,b8171b43371c479c90e3bb3a154d4bb1,12
A,fruit,41,8,茄,Tomato,Tomato,tomato.png,TRUE,aea071454dca7a0de63a675c5574fadb,12
A,animals,33,4,马,Horse,Tomato,horse.png,FALSE,c80a2fcb0db8de552577154db549ef4c,12
A,fruit,41,8,茄,Tomato,Horse,tomato.png,FALSE,0e36bf976ea46d7081c5aa1ce1d98c86,12
A,body,8,4,手,Hand,Red,hand.png,FALSE,90d7556464071d34b5dd6427fe4fe108,12
A,foods,92,6,汤,Soup,Soup,soup.png,TRUE,5feda4569c4b7b6c1b553c1eedb8c569,12
A,geography,66,7,岛,Island,Hand,island.png,FALSE,af5d1ec700260a053454993e99de5e85,12
A,furniture,24,6,灯,Lamp,Lamp,lamp.png,TRUE,2976de61d20dc41dbb8ffacdb2b43c9d,12
A,color,10,6,红,Red,Paper,red.png,FALSE,f405b316a9649080028d9ec5ed5599fb,12
