Set,category,character_index,stroke_count,character,correct_word,current_word,filename,match,pairing_md5,create_id
A,animals,33,4,马,Horse,Soup,horse.png,FALSE,0ba9af7217039548d029967deab5b710,2
A,furniture,24,6,灯,Lamp,Lamp,lamp.png,TRUE,2976de61d20dc41dbb8ffacdb2b43c9d,2
A,body,8,4,手,Hand,Hand,hand.png,TRUE,a351144ce3f48779c4b5252da2b4ef40,2
A,color,10,6,红,Red,Red,red.png,TRUE,0b0ddd21bc41cd3087fe59230b6282b7,2
A,furniture,24,6,灯,Lamp,Lamp,lamp.png,TRUE,2976de61d20dc41dbb8ffacdb2b43c9d,2
A,geography,66,7,岛,Island,Lamp,island.png,FALSE,023df20ef7924fd00de705092464351a,2
A,geography,66,7,岛,Island,Island,island.png,TRUE,b8171b43371c479c90e3bb3a154d4bb1,2
A,fruit,41,8,茄,Tomato,Tomato,tomato.png,TRUE,aea071454dca7a0de63a675c5574fadb,2
A,body,8,4,手,Hand,Soup,hand.png,FALSE,32d29c792375b87556440ecb54ab395e,2
A,foods,92,6,汤,Soup,Soup,soup.png,TRUE,5feda4569c4b7b6c1b553c1eedb8c569,2
A,foods,92,6,汤,Soup,Lamp,soup.png,FALSE,0930470bf26f936ee2e146fcf4f4568c,2
A,geography,66,7,岛,Island,Horse,island.png,FALSE,d5726bd4066a3fa808d15f6e3724288f,2
A,animals,33,4,马,Horse,Horse,horse.png,TRUE,b9f9fea6a4f2caaa09b27ed37081235c,2
A,office,75,7,纸,Paper,Paper,paper.png,TRUE,c4422c05e8e0f41975b2123f8d377bed,2
A,body,8,4,手,Hand,Tomato,hand.png,FALSE,db34517a9c074f5f2fbce9a4126c0f27,2
A,geography,66,7,岛,Island,Island,island.png,TRUE,b8171b43371c479c90e3bb3a154d4bb1,2
A,body,8,4,手,Hand,Hand,hand.png,TRUE,a351144ce3f48779c4b5252da2b4ef40,2
A,fruit,41,8,茄,Tomato,Hand,tomato.png,FALSE,00b4b7e4b49edb08938091f7bc25e47a,2
A,office,75,7,纸,Paper,Paper,paper.png,TRUE,c4422c05e8e0f41975b2123f8d377bed,2
A,color,10,6,红,Red,Horse,red.png,FALSE,09dd67565319ca3cb5eb31a6603cd47c,2
A,furniture,24,6,灯,Lamp,Paper,lamp.png,FALSE,f7aa65309df6d111b38ca7657863aa2e,2
A,fruit,41,8,茄,Tomato,Tomato,tomato.png,TRUE,aea071454dca7a0de63a675c5574fadb,2
A,animals,33,4,马,Horse,Tomato,horse.png,FALSE,c80a2fcb0db8de552577154db549ef4c,2
A,color,10,6,红,Red,Red,red.png,TRUE,0b0ddd21bc41cd3087fe59230b6282b7,2
A,foods,92,6,汤,Soup,Soup,soup.png,TRUE,5feda4569c4b7b6c1b553c1eedb8c569,2
A,animals,33,4,马,Horse,Horse,horse.png,TRUE,b9f9fea6a4f2caaa09b27ed37081235c,2
A,furniture,24,6,灯,Lamp,Red,lamp.png,FALSE,e74aa1b51294109049d035c6b204bcbf,2
A,office,75,7,纸,Paper,Red,paper.png,FALSE,0a5e27fc338ff7fe46186befe74dc9ff,2
A,office,75,7,纸,Paper,Island,paper.png,FALSE,01e31aa888f2833baf46f22fc5201c52,2
A,fruit,41,8,茄,Tomato,Island,tomato.png,FALSE,682fbb87a6af971b2ee13c2035394f02,2
A,color,10,6,红,Red,Hand,red.png,FALSE,15f338f72e6ef0a3fc62e3c2619efab3,2
A,foods,92,6,汤,Soup,Paper,soup.png,FALSE,9a552c6634da7c4357fda31c15457b53,2
