Set,category,character_index,stroke_count,character,correct_word,current_word,filename,match,pairing_md5,create_id
A,office,75,7,纸,Paper,Paper,paper.png,TRUE,c4422c05e8e0f41975b2123f8d377bed,14
A,body,8,4,手,Hand,Tomato,hand.png,FALSE,db34517a9c074f5f2fbce9a4126c0f27,14
A,geography,66,7,岛,Island,Paper,island.png,FALSE,71c916b3944906c7d3ef287fcf9c250e,14
A,furniture,24,6,灯,Lamp,Lamp,lamp.png,TRUE,2976de61d20dc41dbb8ffacdb2b43c9d,14
A,foods,92,6,汤,Soup,Red,soup.png,FALSE,ff8bd7fef21ecb0d9c2e1811e93d4cbb,14
A,fruit,41,8,茄,Tomato,Hand,tomato.png,FALSE,00b4b7e4b49edb08938091f7bc25e47a,14
A,fruit,41,8,茄,Tomato,Island,tomato.png,FALSE,682fbb87a6af971b2ee13c2035394f02,14
A,fruit,41,8,茄,Tomato,Tomato,tomato.png,TRUE,aea071454dca7a0de63a675c5574fadb,14
A,body,8,4,手,Hand,Paper,hand.png,FALSE,5cbfd8985c4d2a7f0a31d0f074a37a0e,14
A,office,75,7,纸,Paper,Paper,paper.png,TRUE,c4422c05e8e0f41975b2123f8d377bed,14
A,geography,66,7,岛,Island,Island,island.png,TRUE,b8171b43371c479c90e3bb3a154d4bb1,14
A,office,75,7,纸,Paper,Tomato,paper.png,FALSE,4dab3a9937cfa0fb1ba06a9ba6e6927b,14
A,animals,33,4,马,Horse,Horse,horse.png,TRUE,b9f9fea6a4f2caaa09b27ed37081235c,14
A,furniture,24,6,灯,Lamp,Horse,lamp.png,FALSE,8db928647bee9ab7a0a8ba17f79b5c20,14
A,color,10,6,红,Red,Lamp,red.png,FALSE,7c86b2130e0a7076dc1df7921ae80919,14
A,color,10,6,红,Red,Soup,red.png,FALSE,c2962301ec328f80737ce306409feb0d,14
A,furniture,24,6,灯,Lamp,Lamp,lamp.png,TRUE,2976de61d20dc41dbb8ffacdb2b43c9d,14
A,geography,66,7,岛,Island,Island,island.png,TRUE,b8171b43371c479c90e3bb3a154d4bb1,14
A,geography,66,7,岛,Island,Lamp,island.png,FALSE,023df20ef7924fd00de705092464351a,14
A,animals,33,4,马,Horse,Hand,horse.png,FALSE,f67fea5a5fbf4615f5a007477bf6b6d6,14
A,fruit,41,8,茄,Tomato,Tomato,tomato.png,TRUE,aea071454dca7a0de63a675c5574fadb,14
A,office,75,7,纸,Paper,Horse,paper.png,FALSE,d4036241002888a5cef5a829cdef1bb1,14
A,foods,92,6,汤,Soup,Soup,soup.png,TRUE,5feda4569c4b7b6c1b553c1eedb8c569,14
A,color,10,6,红,Red,Red,red.png,TRUE,0b0ddd21bc41cd3087fe59230b6282b7,14
A,animals,33,4,马,Horse,Soup,horse.png,FALSE,0ba9af7217039548d029967deab5b710,14
A,body,8,4,手,Hand,Hand,hand.png,TRUE,a351144ce3f48779c4b5252da2b4ef40,14
A,animals,33,4,马,Horse,Horse,horse.png,TRUE,b9f9fea6a4f2caaa09b27ed37081235c,14
A,color,10,6,红,Red,Red,red.png,TRUE,0b0ddd21bc41cd3087fe59230b6282b7,14
A,foods,92,6,汤,Soup,Soup,soup.png,TRUE,5feda4569c4b7b6c1b553c1eedb8c569,14
A,body,8,4,手,Hand,Hand,hand.png,TRUE,a351144ce3f48779c4b5252da2b4ef40,14
A,furniture,24,6,灯,Lamp,Red,lamp.png,FALSE,e74aa1b51294109049d035c6b204bcbf,14
A,foods,92,6,汤,Soup,Island,soup.png,FALSE,1d6931853a21dda947f7849242541b65,14
