Set,category,character_index,stroke_count,character,correct_word,current_word,filename,match,pairing_md5,create_id
A,fruit,41,8,茄,Tomato,Tomato,tomato.png,TRUE,aea071454dca7a0de63a675c5574fadb,9
A,geography,66,7,岛,Island,Hand,island.png,FALSE,af5d1ec700260a053454993e99de5e85,9
A,color,10,6,红,Red,Soup,red.png,FALSE,c2962301ec328f80737ce306409feb0d,9
A,body,8,4,手,Hand,Hand,hand.png,TRUE,a351144ce3f48779c4b5252da2b4ef40,9
A,body,8,4,手,Hand,Paper,hand.png,FALSE,5cbfd8985c4d2a7f0a31d0f074a37a0e,9
A,animals,33,4,马,Horse,Horse,horse.png,TRUE,b9f9fea6a4f2caaa09b27ed37081235c,9
A,animals,33,4,马,Horse,Horse,horse.png,TRUE,b9f9fea6a4f2caaa09b27ed37081235c,9
A,furniture,24,6,灯,Lamp,Lamp,lamp.png,TRUE,2976de61d20dc41dbb8ffacdb2b43c9d,9
A,color,10,6,红,Red,Paper,red.png,FALSE,f405b316a9649080028d9ec5ed5599fb,9
A,office,75,7,纸,Paper,Paper,paper.png,TRUE,c4422c05e8e0f41975b2123f8d377bed,9
A,office,75,7,纸,Paper,Paper,paper.png,TRUE,c4422c05e8e0f41975b2123f8d377bed,9
A,geography,66,7,岛,Island,Island,island.png,TRUE,b8171b43371c479c90e3bb3a154d4bb1,9
A,office,75,7,纸,Paper,Soup,paper.png,FALSE,7ac66290249349ba397e04cae2925ce1,9
A,foods,92,6,汤,Soup,Red,soup.png,FALSE,ff8bd7fef21ecb0d9c2e1811e93d4cbb,9
A,furniture,24,6,灯,Lamp,Island,lamp.png,FALSE,1454bf7bd6782add5b6c6f8d69c36fa3,9
A,foods,92,6,汤,Soup,Lamp,soup.png,FALSE,0930470bf26f936ee2e146fcf4f4568c,9
A,foods,92,6,汤,Soup,Soup,soup.png,TRUE,5feda4569c4b7b6c1b553c1eedb8c569,9
A,geography,66,7,岛,Island,Horse,island.png,FALSE,d5726bd4066a3fa808d15f6e3724288f,9
A,fruit,41,8,茄,Tomato,Tomato,tomato.png,TRUE,aea071454dca7a0de63a675c5574fadb,9
A,foods,92,6,汤,Soup,Soup,soup.png,TRUE,5feda4569c4b7b6c1b553c1eedb8c569,9
A,animals,33,4,马,Horse,Tomato,horse.png,FALSE,c80a2fcb0db8de552577154db549ef4c,9
A,furniture,24,6,灯,Lamp,Tomato,lamp.png,FALSE,c7e86e769bba16ba4c17ae289ad78b4a,9
A,geography,66,7,岛,Island,Island,island.png,TRUE,b8171b43371c479c90e3bb3a154d4bb1,9
A,color,10,6,红,Red,Red,red.png,TRUE,0b0ddd21bc41cd3087fe59230b6282b7,9
A,body,8,4,手,Hand,Red,hand.png,FALSE,90d7556464071d34b5dd6427fe4fe108,9
A,office,75,7,纸,Paper,Horse,paper.png,FALSE,d4036241002888a5cef5a829cdef1bb1,9
A,animals,33,4,马,Horse,Lamp,horse.png,FALSE,c27ae1a039e236407618ab025ab7335a,9
A,fruit,41,8,茄,Tomato,Island,tomato.png,FALSE,682fbb87a6af971b2ee13c2035394f02,9
A,furniture,24,6,灯,Lamp,Lamp,lamp.png,TRUE,2976de61d20dc41dbb8ffacdb2b43c9d,9
A,body,8,4,手,Hand,Hand,hand.png,TRUE,a351144ce3f48779c4b5252da2b4ef40,9
A,color,10,6,红,Red,Red,red.png,TRUE,0b0ddd21bc41cd3087fe59230b6282b7,9
A,fruit,41,8,茄,Tomato,Hand,tomato.png,FALSE,00b4b7e4b49edb08938091f7bc25e47a,9
