Set,category,character_index,stroke_count,character,correct_word,current_word,filename,match,pairing_md5,create_id
A,fruit,41,8,茄,Tomato,Tomato,tomato.png,TRUE,aea071454dca7a0de63a675c5574fadb,10
A,furniture,24,6,灯,Lamp,Lamp,lamp.png,TRUE,2976de61d20dc41dbb8ffacdb2b43c9d,10
A,foods,92,6,汤,Soup,Soup,soup.png,TRUE,5feda4569c4b7b6c1b553c1eedb8c569,10
A,color,10,6,红,Red,Island,red.png,FALSE,b6f58022955351327f5f65cf350ae765,10
A,color,10,6,红,Red,Tomato,red.png,FALSE,0e8d52185393426bc6ee54bf255ce558,10
A,body,8,4,手,Hand,Soup,hand.png,FALSE,32d29c792375b87556440ecb54ab395e,10
A,fruit,41,8,茄,Tomato,Tomato,tomato.png,TRUE,aea071454dca7a0de63a675c5574fadb,10
A,animals,33,4,马,Horse,Horse,horse.png,TRUE,b9f9fea6a4f2caaa09b27ed37081235c,10
A,color,10,6,红,Red,Red,red.png,TRUE,0b0ddd21bc41cd3087fe59230b6282b7,10
A,color,10,6,红,Red,Red,red.png,TRUE,0b0ddd21bc41cd3087fe59230b6282b7,10
A,foods,92,6,汤,Soup,Horse,soup.png,FALSE,4bc6cbc4bf4b62f5ae92db2c4da93551,10
A,office,75,7,纸,Paper,Paper,paper.png,TRUE,c4422c05e8e0f41975b2123f8d377bed,10
A,office,75,7,纸,Paper,Paper,paper.png,TRUE,c4422c05e8e0f41975b2123f8d377bed,10
A,animals,33,4,马,Horse,Lamp,horse.png,FALSE,c27ae1a039e236407618ab025ab7335a,10
A,geography,66,7,岛,Island,Hand,island.png,FALSE,af5d1ec700260a053454993e99de5e85,10
A,office,75,7,纸,Paper,Tomato,paper.png,FALSE,4dab3a9937cfa0fb1ba06a9ba6e6927b,10
A,body,8,4,手,Hand,Hand,hand.png,TRUE,a351144ce3f48779c4b5252da2b4ef40,10
A,furniture,24,6,灯,Lamp,Paper,lamp.png,FALSE,f7aa65309df6d111b38ca7657863aa2e,10
A,fruit,41,8,茄,Tomato,Paper,tomato.png,FALSE,d2ab36c372de847458b958eae29d4e6a,10
A,foods,92,6,汤,Soup,Hand,soup.png,FALSE,dfe5cc83ea4d3022a17ec3c97a34cca6,10
A,body,8,4,手,Hand,Red,hand.png,FALSE,90d7556464071d34b5dd6427fe4fe108,10
A,fruit,41,8,茄,Tomato,Island,tomato.png,FALSE,682fbb87a6af971b2ee13c2035394f02,10
A,animals,33,4,马,Horse,Soup,horse.png,FALSE,0ba9af7217039548d029967deab5b710,10
A,geography,66,7,岛,Island,Island,island.png,TRUE,b8171b43371c479c90e3bb3a154d4bb1,10
A,geography,66,7,岛,Island,Island,island.png,TRUE,b8171b43371c479c90e3bb3a154d4bb1,10
A,furniture,24,6,灯,Lamp,Lamp,lamp.png,TRUE,2976de61d20dc41dbb8ffacdb2b43c9d,10
A,animals,33,4,马,Horse,Horse,horse.png,TRUE,b9f9fea6a4f2caaa09b27ed37081235c,10
A,body,8,4,手,Hand,Hand,hand.png,TRUE,a351144ce3f48779c4b5252da2b4ef40,10
A,geography,66,7,岛,Island,Red,island.png,FALSE,6815bdb09ebbbe3c9cee5c4091fa9fd5,10
A,foods,92,6,汤,Soup,Soup,soup.png,TRUE,5feda4569c4b7b6c1b553c1eedb8c569,10
A,furniture,24,6,灯,Lamp,Horse,lamp.png,FALSE,8db928647bee9ab7a0a8ba17f79b5c20,10
A,office,75,7,纸,Paper,Lamp,paper.png,FALSE,2c588bee7462979f5388bf16a6823dec,10
