set,category,character,filename,current_word,correct_word,create_md5_hash
A,geography,岛,island.png,island,island,b47b99d283d33a856c59b6423d737e63
A,color,红,red.png,hand,red,b47b99d283d33a856c59b6423d737e63
A,office,纸,paper.png,paper,paper,b47b99d283d33a856c59b6423d737e63
A,animals,马,horse.png,paper,horse,b47b99d283d33a856c59b6423d737e63
A,office,纸,paper.png,hand,paper,b47b99d283d33a856c59b6423d737e63
A,office,纸,paper.png,horse,paper,b47b99d283d33a856c59b6423d737e63
A,geography,岛,island.png,horse,island,b47b99d283d33a856c59b6423d737e63
A,animals,马,horse.png,horse,horse,b47b99d283d33a856c59b6423d737e63
A,fruit,茄,tomato.png,tomato,tomato,b47b99d283d33a856c59b6423d737e63
A,animals,马,horse.png,lamp,horse,b47b99d283d33a856c59b6423d737e63
A,fruit,茄,tomato.png,hand,tomato,b47b99d283d33a856c59b6423d737e63
A,body,手,hand.png,hand,hand,b47b99d283d33a856c59b6423d737e63
A,foods,汤,soup.png,tomato,soup,b47b99d283d33a856c59b6423d737e63
A,color,红,red.png,red,red,b47b99d283d33a856c59b6423d737e63
A,geography,岛,island.png,island,island,b47b99d283d33a856c59b6423d737e63
A,foods,汤,soup.png,red,soup,b47b99d283d33a856c59b6423d737e63
A,foods,汤,soup.png,soup,soup,b47b99d283d33a856c59b6423d737e63
A,furniture,灯,lamp.png,red,lamp,b47b99d283d33a856c59b6423d737e63
A,color,红,red.png,red,red,b47b99d283d33a856c59b6423d737e63
A,body,手,hand.png,hand,hand,b47b99d283d33a856c59b6423d737e63
A,office,纸,paper.png,paper,paper,b47b99d283d33a856c59b6423d737e63
A,fruit,茄,tomato.png,red,tomato,b47b99d283d33a856c59b6423d737e63
A,furniture,灯,lamp.png,lamp,lamp,b47b99d283d33a856c59b6423d737e63
A,furniture,灯,lamp.png,lamp,lamp,b47b99d283d33a856c59b6423d737e63
A,foods,汤,soup.png,soup,soup,b47b99d283d33a856c59b6423d737e63
A,body,手,hand.png,soup,hand,b47b99d283d33a856c59b6423d737e63
A,geography,岛,island.png,red,island,b47b99d283d33a856c59b6423d737e63
A,color,红,red.png,soup,red,b47b99d283d33a856c59b6423d737e63
A,body,手,hand.png,lamp,hand,b47b99d283d33a856c59b6423d737e63
A,animals,马,horse.png,horse,horse,b47b99d283d33a856c59b6423d737e63
A,fruit,茄,tomato.png,tomato,tomato,b47b99d283d33a856c59b6423d737e63
A,furniture,灯,lamp.png,soup,lamp,b47b99d283d33a856c59b6423d737e63
