set,category,character,filename,current_word,correct_word,create_md5_hash
A,geography,岛,island.png,island,island,64599424d8f67455132e2ad4bad8aa5f
A,fruit,茄,tomato.png,tomato,tomato,64599424d8f67455132e2ad4bad8aa5f
A,furniture,灯,lamp.png,tomato,lamp,64599424d8f67455132e2ad4bad8aa5f
A,office,纸,paper.png,soup,paper,64599424d8f67455132e2ad4bad8aa5f
A,body,手,hand.png,hand,hand,64599424d8f67455132e2ad4bad8aa5f
A,geography,岛,island.png,soup,island,64599424d8f67455132e2ad4bad8aa5f
A,color,红,red.png,hand,red,64599424d8f67455132e2ad4bad8aa5f
A,animals,马,horse.png,horse,horse,64599424d8f67455132e2ad4bad8aa5f
A,furniture,灯,lamp.png,lamp,lamp,64599424d8f67455132e2ad4bad8aa5f
A,animals,马,horse.png,red,horse,64599424d8f67455132e2ad4bad8aa5f
A,animals,马,horse.png,lamp,horse,64599424d8f67455132e2ad4bad8aa5f
A,fruit,茄,tomato.png,island,tomato,64599424d8f67455132e2ad4bad8aa5f
A,foods,汤,soup.png,soup,soup,64599424d8f67455132e2ad4bad8aa5f
A,office,纸,paper.png,lamp,paper,64599424d8f67455132e2ad4bad8aa5f
A,office,纸,paper.png,paper,paper,64599424d8f67455132e2ad4bad8aa5f
A,color,红,red.png,red,red,64599424d8f67455132e2ad4bad8aa5f
A,body,手,hand.png,tomato,hand,64599424d8f67455132e2ad4bad8aa5f
A,color,红,red.png,red,red,64599424d8f67455132e2ad4bad8aa5f
A,fruit,茄,tomato.png,horse,tomato,64599424d8f67455132e2ad4bad8aa5f
A,color,红,red.png,paper,red,64599424d8f67455132e2ad4bad8aa5f
A,fruit,茄,tomato.png,tomato,tomato,64599424d8f67455132e2ad4bad8aa5f
A,office,纸,paper.png,paper,paper,64599424d8f67455132e2ad4bad8aa5f
A,foods,汤,soup.png,lamp,soup,64599424d8f67455132e2ad4bad8aa5f
A,foods,汤,soup.png,red,soup,64599424d8f67455132e2ad4bad8aa5f
A,furniture,灯,lamp.png,hand,lamp,64599424d8f67455132e2ad4bad8aa5f
A,geography,岛,island.png,island,island,64599424d8f67455132e2ad4bad8aa5f
A,foods,汤,soup.png,soup,soup,64599424d8f67455132e2ad4bad8aa5f
A,geography,岛,island.png,paper,island,64599424d8f67455132e2ad4bad8aa5f
A,body,手,hand.png,hand,hand,64599424d8f67455132e2ad4bad8aa5f
A,furniture,灯,lamp.png,lamp,lamp,64599424d8f67455132e2ad4bad8aa5f
A,body,手,hand.png,paper,hand,64599424d8f67455132e2ad4bad8aa5f
A,animals,马,horse.png,horse,horse,64599424d8f67455132e2ad4bad8aa5f
