set,category,character,filename,current_word,correct_word,create_md5_hash
A,furniture,灯,lamp.png,paper,lamp,b7c915031bd3ec569ed8507c35a8911e
A,office,纸,paper.png,paper,paper,b7c915031bd3ec569ed8507c35a8911e
A,fruit,茄,tomato.png,tomato,tomato,b7c915031bd3ec569ed8507c35a8911e
A,foods,汤,soup.png,island,soup,b7c915031bd3ec569ed8507c35a8911e
A,furniture,灯,lamp.png,lamp,lamp,b7c915031bd3ec569ed8507c35a8911e
A,animals,马,horse.png,horse,horse,b7c915031bd3ec569ed8507c35a8911e
A,body,手,hand.png,lamp,hand,b7c915031bd3ec569ed8507c35a8911e
A,body,手,hand.png,hand,hand,b7c915031bd3ec569ed8507c35a8911e
A,color,红,red.png,red,red,b7c915031bd3ec569ed8507c35a8911e
A,furniture,灯,lamp.png,lamp,lamp,b7c915031bd3ec569ed8507c35a8911e
A,office,纸,paper.png,island,paper,b7c915031bd3ec569ed8507c35a8911e
A,office,纸,paper.png,red,paper,b7c915031bd3ec569ed8507c35a8911e
A,color,红,red.png,paper,red,b7c915031bd3ec569ed8507c35a8911e
A,color,红,red.png,red,red,b7c915031bd3ec569ed8507c35a8911e
A,geography,岛,island.png,island,island,b7c915031bd3ec569ed8507c35a8911e
A,office,纸,paper.png,paper,paper,b7c915031bd3ec569ed8507c35a8911e
A,fruit,茄,tomato.png,red,tomato,b7c915031bd3ec569ed8507c35a8911e
A,geography,岛,island.png,lamp,island,b7c915031bd3ec569ed8507c35a8911e
A,body,手,hand.png,island,hand,b7c915031bd3ec569ed8507c35a8911e
A,color,红,red.png,island,red,b7c915031bd3ec569ed8507c35a8911e
A,foods,汤,soup.png,lamp,soup,b7c915031bd3ec569ed8507c35a8911e
A,furniture,灯,lamp.png,hand,lamp,b7c915031bd3ec569ed8507c35a8911e
A,foods,汤,soup.png,soup,soup,b7c915031bd3ec569ed8507c35a8911e
A,body,手,hand.png,hand,hand,b7c915031bd3ec569ed8507c35a8911e
A,fruit,茄,tomato.png,tomato,tomato,b7c915031bd3ec569ed8507c35a8911e
A,animals,马,horse.png,tomato,horse,b7c915031bd3ec569ed8507c35a8911e
A,animals,马,horse.png,horse,horse,b7c915031bd3ec569ed8507c35a8911e
A,foods,汤,soup.png,soup,soup,b7c915031bd3ec569ed8507c35a8911e
A,geography,岛,island.png,paper,island,b7c915031bd3ec569ed8507c35a8911e
A,animals,马,horse.png,island,horse,b7c915031bd3ec569ed8507c35a8911e
A,fruit,茄,tomato.png,paper,tomato,b7c915031bd3ec569ed8507c35a8911e
A,geography,岛,island.png,island,island,b7c915031bd3ec569ed8507c35a8911e
