set,category,character,filename,current_word,correct_word,create_md5_hash
A,foods,汤,soup.png,hand,soup,ad36f5728f2bf6bc67c86ac285df2a09
A,office,纸,paper.png,soup,paper,ad36f5728f2bf6bc67c86ac285df2a09
A,geography,岛,island.png,island,island,ad36f5728f2bf6bc67c86ac285df2a09
A,geography,岛,island.png,hand,island,ad36f5728f2bf6bc67c86ac285df2a09
A,fruit,茄,tomato.png,tomato,tomato,ad36f5728f2bf6bc67c86ac285df2a09
A,body,手,hand.png,hand,hand,ad36f5728f2bf6bc67c86ac285df2a09
A,color,红,red.png,red,red,ad36f5728f2bf6bc67c86ac285df2a09
A,body,手,hand.png,island,hand,ad36f5728f2bf6bc67c86ac285df2a09
A,furniture,灯,lamp.png,hand,lamp,ad36f5728f2bf6bc67c86ac285df2a09
A,animals,马,horse.png,horse,horse,ad36f5728f2bf6bc67c86ac285df2a09
A,color,红,red.png,red,red,ad36f5728f2bf6bc67c86ac285df2a09
A,animals,马,horse.png,horse,horse,ad36f5728f2bf6bc67c86ac285df2a09
A,furniture,灯,lamp.png,lamp,lamp,ad36f5728f2bf6bc67c86ac285df2a09
A,office,纸,paper.png,island,paper,ad36f5728f2bf6bc67c86ac285df2a09
A,fruit,茄,tomato.png,tomato,tomato,ad36f5728f2bf6bc67c86ac285df2a09
A,office,纸,paper.png,paper,paper,ad36f5728f2bf6bc67c86ac285df2a09
A,color,红,red.png,soup,red,ad36f5728f2bf6bc67c86ac285df2a09
A,foods,汤,soup.png,red,soup,ad36f5728f2bf6bc67c86ac285df2a09
A,animals,马,horse.png,red,horse,ad36f5728f2bf6bc67c86ac285df2a09
A,office,纸,paper.png,paper,paper,ad36f5728f2bf6bc67c86ac285df2a09
A,body,手,hand.png,lamp,hand,ad36f5728f2bf6bc67c86ac285df2a09
A,furniture,灯,lamp.png,lamp,lamp,ad36f5728f2bf6bc67c86ac285df2a09
A,geography,岛,island.png,horse,island,ad36f5728f2bf6bc67c86ac285df2a09
A,animals,马,horse.png,hand,horse,ad36f5728f2bf6bc67c86ac285df2a09
A,body,手,hand.png,hand,hand,ad36f5728f2bf6bc67c86ac285df2a09
A,fruit,茄,tomato.png,lamp,tomato,ad36f5728f2bf6bc67c86ac285df2a09
A,furniture,灯,lamp.png,island,lamp,ad36f5728f2bf6bc67c86ac285df2a09
A,color,红,red.png,horse,red,ad36f5728f2bf6bc67c86ac285df2a09
A,fruit,茄,tomato.png,soup,tomato,ad36f5728f2bf6bc67c86ac285df2a09
A,foods,汤,soup.png,soup,soup,ad36f5728f2bf6bc67c86ac285df2a09
A,foods,汤,soup.png,soup,soup,ad36f5728f2bf6bc67c86ac285df2a09
A,geography,岛,island.png,island,island,ad36f5728f2bf6bc67c86ac285df2a09
