set,category,character,filename,current_word,correct_word,create_md5_hash
A,office,纸,paper.png,paper,paper,6d3d194af69e99f6915c22b747fcd948
A,furniture,灯,lamp.png,lamp,lamp,6d3d194af69e99f6915c22b747fcd948
A,office,纸,paper.png,paper,paper,6d3d194af69e99f6915c22b747fcd948
A,animals,马,horse.png,horse,horse,6d3d194af69e99f6915c22b747fcd948
A,fruit,茄,tomato.png,tomato,tomato,6d3d194af69e99f6915c22b747fcd948
A,geography,岛,island.png,red,island,6d3d194af69e99f6915c22b747fcd948
A,geography,岛,island.png,soup,island,6d3d194af69e99f6915c22b747fcd948
A,color,红,red.png,red,red,6d3d194af69e99f6915c22b747fcd948
A,animals,马,horse.png,horse,horse,6d3d194af69e99f6915c22b747fcd948
A,color,红,red.png,paper,red,6d3d194af69e99f6915c22b747fcd948
A,foods,汤,soup.png,soup,soup,6d3d194af69e99f6915c22b747fcd948
A,furniture,灯,lamp.png,red,lamp,6d3d194af69e99f6915c22b747fcd948
A,body,手,hand.png,paper,hand,6d3d194af69e99f6915c22b747fcd948
A,fruit,茄,tomato.png,island,tomato,6d3d194af69e99f6915c22b747fcd948
A,geography,岛,island.png,island,island,6d3d194af69e99f6915c22b747fcd948
A,furniture,灯,lamp.png,paper,lamp,6d3d194af69e99f6915c22b747fcd948
A,fruit,茄,tomato.png,paper,tomato,6d3d194af69e99f6915c22b747fcd948
A,animals,马,horse.png,red,horse,6d3d194af69e99f6915c22b747fcd948
A,body,手,hand.png,hand,hand,6d3d194af69e99f6915c22b747fcd948
A,furniture,灯,lamp.png,lamp,lamp,6d3d194af69e99f6915c22b747fcd948
A,color,红,red.png,red,red,6d3d194af69e99f6915c22b747fcd948
A,office,纸,paper.png,red,paper,6d3d194af69e99f6915c22b747fcd948
A,foods,汤,soup.png,horse,soup,6d3d194af69e99f6915c22b747fcd948
A,animals,马,horse.png,hand,horse,6d3d194af69e99f6915c22b747fcd948
A,office,纸,paper.png,tomato,paper,6d3d194af69e99f6915c22b747fcd948
A,body,手,hand.png,lamp,hand,6d3d194af69e99f6915c22b747fcd948
A,body,手,hand.png,hand,hand,6d3d194af69e99f6915c22b747fcd948
A,foods,汤,soup.png,soup,soup,6d3d194af69e99f6915c22b747fcd948
A,fruit,茄,tomato.png,tomato,tomato,6d3d194af69e99f6915c22b747fcd948
A,color,红,red.png,tomato,red,6d3d194af69e99f6915c22b747fcd948
A,foods,汤,soup.png,paper,soup,6d3d194af69e99f6915c22b747fcd948
A,geography,岛,island.png,island,island,6d3d194af69e99f6915c22b747fcd948
