set,category,character,filename,current_word,correct_word,create_md5_hash
A,foods,汤,soup.png,soup,soup,32a0faaa35e8bba981a8b3ffe1dc8f28
A,color,红,red.png,red,red,32a0faaa35e8bba981a8b3ffe1dc8f28
A,foods,汤,soup.png,hand,soup,32a0faaa35e8bba981a8b3ffe1dc8f28
A,body,手,hand.png,hand,hand,32a0faaa35e8bba981a8b3ffe1dc8f28
A,foods,汤,soup.png,soup,soup,32a0faaa35e8bba981a8b3ffe1dc8f28
A,fruit,茄,tomato.png,tomato,tomato,32a0faaa35e8bba981a8b3ffe1dc8f28
A,geography,岛,island.png,island,island,32a0faaa35e8bba981a8b3ffe1dc8f28
A,fruit,茄,tomato.png,tomato,tomato,32a0faaa35e8bba981a8b3ffe1dc8f28
A,animals,马,horse.png,horse,horse,32a0faaa35e8bba981a8b3ffe1dc8f28
A,color,红,red.png,horse,red,32a0faaa35e8bba981a8b3ffe1dc8f28
A,animals,马,horse.png,horse,horse,32a0faaa35e8bba981a8b3ffe1dc8f28
A,fruit,茄,tomato.png,island,tomato,32a0faaa35e8bba981a8b3ffe1dc8f28
A,body,手,hand.png,horse,hand,32a0faaa35e8bba981a8b3ffe1dc8f28
A,office,纸,paper.png,hand,paper,32a0faaa35e8bba981a8b3ffe1dc8f28
A,foods,汤,soup.png,horse,soup,32a0faaa35e8bba981a8b3ffe1dc8f28
A,color,红,red.png,hand,red,32a0faaa35e8bba981a8b3ffe1dc8f28
A,animals,马,horse.png,paper,horse,32a0faaa35e8bba981a8b3ffe1dc8f28
A,geography,岛,island.png,island,island,32a0faaa35e8bba981a8b3ffe1dc8f28
A,color,红,red.png,red,red,32a0faaa35e8bba981a8b3ffe1dc8f28
A,furniture,灯,lamp.png,lamp,lamp,32a0faaa35e8bba981a8b3ffe1dc8f28
A,fruit,茄,tomato.png,lamp,tomato,32a0faaa35e8bba981a8b3ffe1dc8f28
A,furniture,灯,lamp.png,red,lamp,32a0faaa35e8bba981a8b3ffe1dc8f28
A,office,纸,paper.png,paper,paper,32a0faaa35e8bba981a8b3ffe1dc8f28
A,office,纸,paper.png,paper,paper,32a0faaa35e8bba981a8b3ffe1dc8f28
A,body,手,hand.png,hand,hand,32a0faaa35e8bba981a8b3ffe1dc8f28
A,animals,马,horse.png,island,horse,32a0faaa35e8bba981a8b3ffe1dc8f28
A,furniture,灯,lamp.png,island,lamp,32a0faaa35e8bba981a8b3ffe1dc8f28
A,geography,岛,island.png,lamp,island,32a0faaa35e8bba981a8b3ffe1dc8f28
A,geography,岛,island.png,soup,island,32a0faaa35e8bba981a8b3ffe1dc8f28
A,body,手,hand.png,tomato,hand,32a0faaa35e8bba981a8b3ffe1dc8f28
A,office,纸,paper.png,red,paper,32a0faaa35e8bba981a8b3ffe1dc8f28
A,furniture,灯,lamp.png,lamp,lamp,32a0faaa35e8bba981a8b3ffe1dc8f28
