Set,category,character_index,stroke_count,character,correct_word,current_word,filename,match,pairing_md5,create_id
B,atmosphere,17,4,月,Moon,Moon,moon.png,TRUE,562566cfe5974c6727262f538652b7ce,6
B,actions,67,8,学,Learn,Learn,learn.png,TRUE,47cccdd71359c6948e5f1c9715eec008,6
B,family,69,5,奶,Grandma,Grandma,grandma.png,TRUE,89e4a38ef9fafaf9b1d492366c53eb73,6
B,seasonal,90,5,冬,Winter,Milk,winter.png,FALSE,5e6b412ac0360e5074079a073abc2092,6
B,grains,12,7,饭,Rice,Milk,rice.png,FALSE,d4f38023991e2cde56403c1f334900e5,6
B,grains,12,7,饭,Rice,Rice,rice.png,TRUE,50d47a036be384f79448de933215eb7e,6
B,actions,67,8,学,Learn,Grandma,learn.png,FALSE,bf828c8029796bbbe871ca5586060f52,6
B,geology,53,6,冰,Ice,Ice,ice.png,TRUE,1aac6ee4c20e9f3804afbedb56f2c8bb,6
B,family,69,5,奶,Grandma,Grandma,grandma.png,TRUE,89e4a38ef9fafaf9b1d492366c53eb73,6
B,dairy,5,5,牙,Milk,Milk,milk.png,TRUE,eb1a30f6f34601ecc3f99897699a1fe9,6
B,dairy,5,5,牙,Milk,Moon,milk.png,FALSE,d9b8a8507f3fc4bd13a0ee2ca65f9274,6
B,geology,53,6,冰,Ice,Winter,ice.png,FALSE,33d0d8ba0dc33aee99d1b419c73a04f2,6
B,geology,53,6,冰,Ice,Shirt,ice.png,FALSE,c806c7bca9e59ea52601a5fbee9b57c1,6
B,clothes,9,8,衫,Shirt,Learn,shirt.png,FALSE,4a6078b43425042216a07b7135802eb7,6
B,atmosphere,17,4,月,Moon,Moon,moon.png,TRUE,562566cfe5974c6727262f538652b7ce,6
B,clothes,9,8,衫,Shirt,Grandma,shirt.png,FALSE,a9b72dd209b48ed94a240d7fc426805a,6
B,actions,67,8,学,Learn,Ice,learn.png,FALSE,97660a8fa34ce8e5e7ef4e9a6cb2f3ed,6
B,seasonal,90,5,冬,Winter,Ice,winter.png,FALSE,e1c666713a1f119f85791ff9cfb5ce02,6
B,family,69,5,奶,Grandma,Rice,grandma.png,FALSE,106cbcc06a68818fea9efb1c3c4a8f8a,6
B,dairy,5,5,牙,Milk,Winter,milk.png,FALSE,6e7642632eb6942b256734a2ca3b9100,6
B,family,69,5,奶,Grandma,Moon,grandma.png,FALSE,1f21340eb8cda18d26a5b4f33796a0f0,6
B,atmosphere,17,4,月,Moon,Rice,moon.png,FALSE,b8ddc1b5e93e1a29e57c6ebf78797a3b,6
B,geology,53,6,冰,Ice,Ice,ice.png,TRUE,1aac6ee4c20e9f3804afbedb56f2c8bb,6
B,seasonal,90,5,冬,Winter,Winter,winter.png,TRUE,2a9248040b28f5675270a00a3d1e7e18,6
B,seasonal,90,5,冬,Winter,Winter,winter.png,TRUE,2a9248040b28f5675270a00a3d1e7e18,6
B,atmosphere,17,4,月,Moon,Shirt,moon.png,FALSE,3ab837cae6f5192ff6f86da53d0bdfe8,6
B,grains,12,7,饭,Rice,Rice,rice.png,TRUE,50d47a036be384f79448de933215eb7e,6
B,grains,12,7,饭,Rice,Learn,rice.png,FALSE,ee36679035841a9056f03449882a5d62,6
B,clothes,9,8,衫,Shirt,Shirt,shirt.png,TRUE,ad275d0683f4e0285acc02b26321812c,6
B,clothes,9,8,衫,Shirt,Shirt,shirt.png,TRUE,ad275d0683f4e0285acc02b26321812c,6
B,dairy,5,5,牙,Milk,Milk,milk.png,TRUE,eb1a30f6f34601ecc3f99897699a1fe9,6
B,actions,67,8,学,Learn,Learn,learn.png,TRUE,47cccdd71359c6948e5f1c9715eec008,6
