Set,category,character_index,stroke_count,character,correct_word,current_word,filename,match,pairing_md5,create_id
B,seasonal,90,5,冬,Winter,Shirt,winter.png,FALSE,d37df8b348f25a14d6c20dfa3db0fbcb,16
B,family,69,5,奶,Grandma,Grandma,grandma.png,TRUE,89e4a38ef9fafaf9b1d492366c53eb73,16
B,actions,67,8,学,Learn,Learn,learn.png,TRUE,47cccdd71359c6948e5f1c9715eec008,16
B,dairy,5,5,牙,Milk,Grandma,milk.png,FALSE,d0686a55cfed90caef44ce5295b4dab4,16
B,actions,67,8,学,Learn,Learn,learn.png,TRUE,47cccdd71359c6948e5f1c9715eec008,16
B,grains,12,7,饭,Rice,Rice,rice.png,TRUE,50d47a036be384f79448de933215eb7e,16
B,family,69,5,奶,Grandma,Learn,grandma.png,FALSE,017d610f88ce347bf20d2028f33a7337,16
B,atmosphere,17,4,月,Moon,Moon,moon.png,TRUE,562566cfe5974c6727262f538652b7ce,16
B,dairy,5,5,牙,Milk,Winter,milk.png,FALSE,6e7642632eb6942b256734a2ca3b9100,16
B,dairy,5,5,牙,Milk,Milk,milk.png,TRUE,eb1a30f6f34601ecc3f99897699a1fe9,16
B,seasonal,90,5,冬,Winter,Winter,winter.png,TRUE,2a9248040b28f5675270a00a3d1e7e18,16
B,grains,12,7,饭,Rice,Learn,rice.png,FALSE,ee36679035841a9056f03449882a5d62,16
B,actions,67,8,学,Learn,Milk,learn.png,FALSE,6fb1a97a9cfa002cf6c1b04ebec2239c,16
B,clothes,9,8,衫,Shirt,Shirt,shirt.png,TRUE,ad275d0683f4e0285acc02b26321812c,16
B,actions,67,8,学,Learn,Winter,learn.png,FALSE,0210f214bf3675168917afbdebc1a9ca,16
B,clothes,9,8,衫,Shirt,Grandma,shirt.png,FALSE,a9b72dd209b48ed94a240d7fc426805a,16
B,geology,53,6,冰,Ice,Milk,ice.png,FALSE,54405793ce0121d3fb16c482181ffbd0,16
B,clothes,9,8,衫,Shirt,Moon,shirt.png,FALSE,8f4be9e71b68453fa2f0f86a71b2044d,16
B,seasonal,90,5,冬,Winter,Winter,winter.png,TRUE,2a9248040b28f5675270a00a3d1e7e18,16
B,geology,53,6,冰,Ice,Ice,ice.png,TRUE,1aac6ee4c20e9f3804afbedb56f2c8bb,16
B,atmosphere,17,4,月,Moon,Moon,moon.png,TRUE,562566cfe5974c6727262f538652b7ce,16
B,grains,12,7,饭,Rice,Moon,rice.png,FALSE,d9be37f77b6f31ebad923ba85d8cbb04,16
B,family,69,5,奶,Grandma,Ice,grandma.png,FALSE,6e956e6e896377a66c0cd2640a1ffe39,16
B,geology,53,6,冰,Ice,Shirt,ice.png,FALSE,c806c7bca9e59ea52601a5fbee9b57c1,16
B,atmosphere,17,4,月,Moon,Rice,moon.png,FALSE,b8ddc1b5e93e1a29e57c6ebf78797a3b,16
B,geology,53,6,冰,Ice,Ice,ice.png,TRUE,1aac6ee4c20e9f3804afbedb56f2c8bb,16
B,seasonal,90,5,冬,Winter,Rice,winter.png,FALSE,64313762a879f8fed42781714fd46a38,16
B,dairy,5,5,牙,Milk,Milk,milk.png,TRUE,eb1a30f6f34601ecc3f99897699a1fe9,16
B,clothes,9,8,衫,Shirt,Shirt,shirt.png,TRUE,ad275d0683f4e0285acc02b26321812c,16
B,family,69,5,奶,Grandma,Grandma,grandma.png,TRUE,89e4a38ef9fafaf9b1d492366c53eb73,16
B,grains,12,7,饭,Rice,Rice,rice.png,TRUE,50d47a036be384f79448de933215eb7e,16
B,atmosphere,17,4,月,Moon,Ice,moon.png,FALSE,6ca6c055ebd449ab53697850402c0f2d,16
