Set,category,character_index,stroke_count,character,correct_word,current_word,filename,match,pairing_md5,create_id
B,actions,67,8,学,Learn,Learn,learn.png,TRUE,47cccdd71359c6948e5f1c9715eec008,3
B,geology,53,6,冰,Ice,Grandma,ice.png,FALSE,61cfe424a33e0fb86ebf6bd929cf1a34,3
B,geology,53,6,冰,Ice,Ice,ice.png,TRUE,1aac6ee4c20e9f3804afbedb56f2c8bb,3
B,geology,53,6,冰,Ice,Ice,ice.png,TRUE,1aac6ee4c20e9f3804afbedb56f2c8bb,3
B,clothes,9,8,衫,Shirt,Moon,shirt.png,FALSE,8f4be9e71b68453fa2f0f86a71b2044d,3
B,family,69,5,奶,Grandma,Grandma,grandma.png,TRUE,89e4a38ef9fafaf9b1d492366c53eb73,3
B,seasonal,90,5,冬,Winter,Shirt,winter.png,FALSE,d37df8b348f25a14d6c20dfa3db0fbcb,3
B,actions,67,8,学,Learn,Rice,learn.png,FALSE,5a54d06fd3160e137c16eaec98c937d1,3
B,dairy,5,5,牙,Milk,Ice,milk.png,FALSE,e628dbb08e9bb01d7e8cd9b569d0fc55,3
B,actions,67,8,学,Learn,Grandma,learn.png,FALSE,bf828c8029796bbbe871ca5586060f52,3
B,atmosphere,17,4,月,Moon,Moon,moon.png,TRUE,562566cfe5974c6727262f538652b7ce,3
B,atmosphere,17,4,月,Moon,Learn,moon.png,FALSE,cbdc48b657d6072641dc1cadd0631460,3
B,clothes,9,8,衫,Shirt,Shirt,shirt.png,TRUE,ad275d0683f4e0285acc02b26321812c,3
B,seasonal,90,5,冬,Winter,Winter,winter.png,TRUE,2a9248040b28f5675270a00a3d1e7e18,3
B,atmosphere,17,4,月,Moon,Moon,moon.png,TRUE,562566cfe5974c6727262f538652b7ce,3
B,grains,12,7,饭,Rice,Rice,rice.png,TRUE,50d47a036be384f79448de933215eb7e,3
B,dairy,5,5,牙,Milk,Milk,milk.png,TRUE,eb1a30f6f34601ecc3f99897699a1fe9,3
B,seasonal,90,5,冬,Winter,Winter,winter.png,TRUE,2a9248040b28f5675270a00a3d1e7e18,3
B,family,69,5,奶,Grandma,Rice,grandma.png,FALSE,106cbcc06a68818fea9efb1c3c4a8f8a,3
B,dairy,5,5,牙,Milk,Milk,milk.png,TRUE,eb1a30f6f34601ecc3f99897699a1fe9,3
B,grains,12,7,饭,Rice,Rice,rice.png,TRUE,50d47a036be384f79448de933215eb7e,3
B,family,69,5,奶,Grandma,Learn,grandma.png,FALSE,017d610f88ce347bf20d2028f33a7337,3
B,clothes,9,8,衫,Shirt,Winter,shirt.png,FALSE,d71f88e00b04bd6a9cbd9a7a31d8f390,3
B,geology,53,6,冰,Ice,Milk,ice.png,FALSE,54405793ce0121d3fb16c482181ffbd0,3
B,dairy,5,5,牙,Milk,Winter,milk.png,FALSE,6e7642632eb6942b256734a2ca3b9100,3
B,atmosphere,17,4,月,Moon,Shirt,moon.png,FALSE,3ab837cae6f5192ff6f86da53d0bdfe8,3
B,grains,12,7,饭,Rice,Moon,rice.png,FALSE,d9be37f77b6f31ebad923ba85d8cbb04,3
B,grains,12,7,饭,Rice,Milk,rice.png,FALSE,d4f38023991e2cde56403c1f334900e5,3
B,seasonal,90,5,冬,Winter,Ice,winter.png,FALSE,e1c666713a1f119f85791ff9cfb5ce02,3
B,family,69,5,奶,Grandma,Grandma,grandma.png,TRUE,89e4a38ef9fafaf9b1d492366c53eb73,3
B,clothes,9,8,衫,Shirt,Shirt,shirt.png,TRUE,ad275d0683f4e0285acc02b26321812c,3
B,actions,67,8,学,Learn,Learn,learn.png,TRUE,47cccdd71359c6948e5f1c9715eec008,3
