Set,category,character_index,stroke_count,character,correct_word,current_word,filename,match,pairing_md5,create_id
B,dairy,5,5,牙,Milk,Milk,milk.png,TRUE,eb1a30f6f34601ecc3f99897699a1fe9,12
B,family,69,5,奶,Grandma,Grandma,grandma.png,TRUE,89e4a38ef9fafaf9b1d492366c53eb73,12
B,clothes,9,8,衫,Shirt,Moon,shirt.png,FALSE,8f4be9e71b68453fa2f0f86a71b2044d,12
B,dairy,5,5,牙,Milk,Milk,milk.png,TRUE,eb1a30f6f34601ecc3f99897699a1fe9,12
B,grains,12,7,饭,Rice,Rice,rice.png,TRUE,50d47a036be384f79448de933215eb7e,12
B,grains,12,7,饭,Rice,Rice,rice.png,TRUE,50d47a036be384f79448de933215eb7e,12
B,actions,67,8,学,Learn,Learn,learn.png,TRUE,47cccdd71359c6948e5f1c9715eec008,12
B,grains,12,7,饭,Rice,Winter,rice.png,FALSE,8ece859650cab8142e28c5a5adc8c23f,12
B,atmosphere,17,4,月,Moon,Learn,moon.png,FALSE,cbdc48b657d6072641dc1cadd0631460,12
B,seasonal,90,5,冬,Winter,Winter,winter.png,TRUE,2a9248040b28f5675270a00a3d1e7e18,12
B,clothes,9,8,衫,Shirt,Shirt,shirt.png,TRUE,ad275d0683f4e0285acc02b26321812c,12
B,actions,67,8,学,Learn,Rice,learn.png,FALSE,5a54d06fd3160e137c16eaec98c937d1,12
B,seasonal,90,5,冬,Winter,Grandma,winter.png,FALSE,c978fc91d8dc001552f671a1acf57262,12
B,geology,53,6,冰,Ice,Shirt,ice.png,FALSE,c806c7bca9e59ea52601a5fbee9b57c1,12
B,grains,12,7,饭,Rice,Ice,rice.png,FALSE,df4bdb7875e479bc037ae114f6986eb0,12
B,atmosphere,17,4,月,Moon,Moon,moon.png,TRUE,562566cfe5974c6727262f538652b7ce,12
B,geology,53,6,冰,Ice,Milk,ice.png,FALSE,54405793ce0121d3fb16c482181ffbd0,12
B,family,69,5,奶,Grandma,Grandma,grandma.png,TRUE,89e4a38ef9fafaf9b1d492366c53eb73,12
B,clothes,9,8,衫,Shirt,Rice,shirt.png,FALSE,2a94aad2450b389cfb64f7b7d4fc719e,12
B,seasonal,90,5,冬,Winter,Ice,winter.png,FALSE,e1c666713a1f119f85791ff9cfb5ce02,12
B,atmosphere,17,4,月,Moon,Moon,moon.png,TRUE,562566cfe5974c6727262f538652b7ce,12
B,dairy,5,5,牙,Milk,Grandma,milk.png,FALSE,d0686a55cfed90caef44ce5295b4dab4,12
B,atmosphere,17,4,月,Moon,Shirt,moon.png,FALSE,3ab837cae6f5192ff6f86da53d0bdfe8,12
B,clothes,9,8,衫,Shirt,Shirt,shirt.png,TRUE,ad275d0683f4e0285acc02b26321812c,12
B,dairy,5,5,牙,Milk,Winter,milk.png,FALSE,6e7642632eb6942b256734a2ca3b9100,12
B,actions,67,8,学,Learn,Learn,learn.png,TRUE,47cccdd71359c6948e5f1c9715eec008,12
B,actions,67,8,学,Learn,Moon,learn.png,FALSE,080d06830c7056ce83e108e4ac927051,12
B,geology,53,6,冰,Ice,Ice,ice.png,TRUE,1aac6ee4c20e9f3804afbedb56f2c8bb,12
B,seasonal,90,5,冬,Winter,Winter,winter.png,TRUE,2a9248040b28f5675270a00a3d1e7e18,12
B,geology,53,6,冰,Ice,Ice,ice.png,TRUE,1aac6ee4c20e9f3804afbedb56f2c8bb,12
B,family,69,5,奶,Grandma,Learn,grandma.png,FALSE,017d610f88ce347bf20d2028f33a7337,12
B,family,69,5,奶,Grandma,Milk,grandma.png,FALSE,6d25969dab4e8f41933211fae23ad0d8,12
