Set,category,character_index,stroke_count,character,correct_word,current_word,filename,match,pairing_md5,create_id
B,grains,12,7,饭,Rice,Rice,rice.png,TRUE,50d47a036be384f79448de933215eb7e,15
B,seasonal,90,5,冬,Winter,Winter,winter.png,TRUE,2a9248040b28f5675270a00a3d1e7e18,15
B,clothes,9,8,衫,Shirt,Moon,shirt.png,FALSE,8f4be9e71b68453fa2f0f86a71b2044d,15
B,dairy,5,5,牙,Milk,Milk,milk.png,TRUE,eb1a30f6f34601ecc3f99897699a1fe9,15
B,actions,67,8,学,Learn,Learn,learn.png,TRUE,47cccdd71359c6948e5f1c9715eec008,15
B,seasonal,90,5,冬,Winter,Winter,winter.png,TRUE,2a9248040b28f5675270a00a3d1e7e18,15
B,dairy,5,5,牙,Milk,Learn,milk.png,FALSE,036f909d467612415f445a73b21cead9,15
B,family,69,5,奶,Grandma,Grandma,grandma.png,TRUE,89e4a38ef9fafaf9b1d492366c53eb73,15
B,dairy,5,5,牙,Milk,Winter,milk.png,FALSE,6e7642632eb6942b256734a2ca3b9100,15
B,actions,67,8,学,Learn,Learn,learn.png,TRUE,47cccdd71359c6948e5f1c9715eec008,15
B,geology,53,6,冰,Ice,Grandma,ice.png,FALSE,61cfe424a33e0fb86ebf6bd929cf1a34,15
B,atmosphere,17,4,月,Moon,Grandma,moon.png,FALSE,3440b82fea0f8ebde400ddd5727b856f,15
B,grains,12,7,饭,Rice,Shirt,rice.png,FALSE,90778cbcc9ada444f74de9f8747ffe4b,15
B,actions,67,8,学,Learn,Shirt,learn.png,FALSE,b8f6e9002cdebfaeff7c844722b962d2,15
B,atmosphere,17,4,月,Moon,Learn,moon.png,FALSE,cbdc48b657d6072641dc1cadd0631460,15
B,dairy,5,5,牙,Milk,Milk,milk.png,TRUE,eb1a30f6f34601ecc3f99897699a1fe9,15
B,atmosphere,17,4,月,Moon,Moon,moon.png,TRUE,562566cfe5974c6727262f538652b7ce,15
B,seasonal,90,5,冬,Winter,Rice,winter.png,FALSE,64313762a879f8fed42781714fd46a38,15
B,geology,53,6,冰,Ice,Winter,ice.png,FALSE,33d0d8ba0dc33aee99d1b419c73a04f2,15
B,grains,12,7,饭,Rice,Ice,rice.png,FALSE,df4bdb7875e479bc037ae114f6986eb0,15
B,family,69,5,奶,Grandma,Rice,grandma.png,FALSE,106cbcc06a68818fea9efb1c3c4a8f8a,15
B,actions,67,8,学,Learn,Milk,learn.png,FALSE,6fb1a97a9cfa002cf6c1b04ebec2239c,15
B,grains,12,7,饭,Rice,Rice,rice.png,TRUE,50d47a036be384f79448de933215eb7e,15
B,family,69,5,奶,Grandma,Ice,grandma.png,FALSE,6e956e6e896377a66c0cd2640a1ffe39,15
B,geology,53,6,冰,Ice,Ice,ice.png,TRUE,1aac6ee4c20e9f3804afbedb56f2c8bb,15
B,clothes,9,8,衫,Shirt,Milk,shirt.png,FALSE,1bea6753b9763069f9fbe671e47f9d1b,15
B,clothes,9,8,衫,Shirt,Shirt,shirt.png,TRUE,ad275d0683f4e0285acc02b26321812c,15
B,atmosphere,17,4,月,Moon,Moon,moon.png,TRUE,562566cfe5974c6727262f538652b7ce,15
B,geology,53,6,冰,Ice,Ice,ice.png,TRUE,1aac6ee4c20e9f3804afbedb56f2c8bb,15
B,clothes,9,8,衫,Shirt,Shirt,shirt.png,TRUE,ad275d0683f4e0285acc02b26321812c,15
B,family,69,5,奶,Grandma,Grandma,grandma.png,TRUE,89e4a38ef9fafaf9b1d492366c53eb73,15
B,seasonal,90,5,冬,Winter,Moon,winter.png,FALSE,367331140255c4c0f73ed45940fda217,15
