Set,category,character_index,stroke_count,character,correct_word,current_word,filename,match,pairing_md5,create_id
B,seasonal,90,5,冬,Winter,Grandma,winter.png,FALSE,c978fc91d8dc001552f671a1acf57262,13
B,dairy,5,5,牙,Milk,Milk,milk.png,TRUE,eb1a30f6f34601ecc3f99897699a1fe9,13
B,atmosphere,17,4,月,Moon,Moon,moon.png,TRUE,562566cfe5974c6727262f538652b7ce,13
B,atmosphere,17,4,月,Moon,Learn,moon.png,FALSE,cbdc48b657d6072641dc1cadd0631460,13
B,geology,53,6,冰,Ice,Ice,ice.png,TRUE,1aac6ee4c20e9f3804afbedb56f2c8bb,13
B,geology,53,6,冰,Ice,Milk,ice.png,FALSE,54405793ce0121d3fb16c482181ffbd0,13
B,family,69,5,奶,Grandma,Grandma,grandma.png,TRUE,89e4a38ef9fafaf9b1d492366c53eb73,13
B,clothes,9,8,衫,Shirt,Shirt,shirt.png,TRUE,ad275d0683f4e0285acc02b26321812c,13
B,dairy,5,5,牙,Milk,Milk,milk.png,TRUE,eb1a30f6f34601ecc3f99897699a1fe9,13
B,atmosphere,17,4,月,Moon,Moon,moon.png,TRUE,562566cfe5974c6727262f538652b7ce,13
B,grains,12,7,饭,Rice,Learn,rice.png,FALSE,ee36679035841a9056f03449882a5d62,13
B,seasonal,90,5,冬,Winter,Winter,winter.png,TRUE,2a9248040b28f5675270a00a3d1e7e18,13
B,clothes,9,8,衫,Shirt,Winter,shirt.png,FALSE,d71f88e00b04bd6a9cbd9a7a31d8f390,13
B,family,69,5,奶,Grandma,Moon,grandma.png,FALSE,1f21340eb8cda18d26a5b4f33796a0f0,13
B,family,69,5,奶,Grandma,Shirt,grandma.png,FALSE,d5ab20971750a73931a317958997fc78,13
B,seasonal,90,5,冬,Winter,Ice,winter.png,FALSE,e1c666713a1f119f85791ff9cfb5ce02,13
B,grains,12,7,饭,Rice,Winter,rice.png,FALSE,8ece859650cab8142e28c5a5adc8c23f,13
B,dairy,5,5,牙,Milk,Ice,milk.png,FALSE,e628dbb08e9bb01d7e8cd9b569d0fc55,13
B,geology,53,6,冰,Ice,Rice,ice.png,FALSE,cd59996b51c0b17702fe052f71fc136a,13
B,dairy,5,5,牙,Milk,Grandma,milk.png,FALSE,d0686a55cfed90caef44ce5295b4dab4,13
B,actions,67,8,学,Learn,Shirt,learn.png,FALSE,b8f6e9002cdebfaeff7c844722b962d2,13
B,actions,67,8,学,Learn,Rice,learn.png,FALSE,5a54d06fd3160e137c16eaec98c937d1,13
B,grains,12,7,饭,Rice,Rice,rice.png,TRUE,50d47a036be384f79448de933215eb7e,13
B,actions,67,8,学,Learn,Learn,learn.png,TRUE,47cccdd71359c6948e5f1c9715eec008,13
B,clothes,9,8,衫,Shirt,Shirt,shirt.png,TRUE,ad275d0683f4e0285acc02b26321812c,13
B,family,69,5,奶,Grandma,Grandma,grandma.png,TRUE,89e4a38ef9fafaf9b1d492366c53eb73,13
B,atmosphere,17,4,月,Moon,Milk,moon.png,FALSE,599be578067db2f30caf118b2850b057,13
B,grains,12,7,饭,Rice,Rice,rice.png,TRUE,50d47a036be384f79448de933215eb7e,13
B,clothes,9,8,衫,Shirt,Moon,shirt.png,FALSE,8f4be9e71b68453fa2f0f86a71b2044d,13
B,actions,67,8,学,Learn,Learn,learn.png,TRUE,47cccdd71359c6948e5f1c9715eec008,13
B,seasonal,90,5,冬,Winter,Winter,winter.png,TRUE,2a9248040b28f5675270a00a3d1e7e18,13
B,geology,53,6,冰,Ice,Ice,ice.png,TRUE,1aac6ee4c20e9f3804afbedb56f2c8bb,13
