Set,category,character_index,stroke_count,character,correct_word,current_word,filename,match,pairing_md5,create_id
B,seasonal,90,5,冬,Winter,Winter,winter.png,TRUE,2a9248040b28f5675270a00a3d1e7e18,2
B,actions,67,8,学,Learn,Rice,learn.png,FALSE,5a54d06fd3160e137c16eaec98c937d1,2
B,dairy,5,5,牙,Milk,Milk,milk.png,TRUE,eb1a30f6f34601ecc3f99897699a1fe9,2
B,grains,12,7,饭,Rice,Grandma,rice.png,FALSE,b0bb5322d9160ad23051c36ea312e054,2
B,family,69,5,奶,Grandma,Grandma,grandma.png,TRUE,89e4a38ef9fafaf9b1d492366c53eb73,2
B,atmosphere,17,4,月,Moon,Moon,moon.png,TRUE,562566cfe5974c6727262f538652b7ce,2
B,family,69,5,奶,Grandma,Grandma,grandma.png,TRUE,89e4a38ef9fafaf9b1d492366c53eb73,2
B,atmosphere,17,4,月,Moon,Moon,moon.png,TRUE,562566cfe5974c6727262f538652b7ce,2
B,dairy,5,5,牙,Milk,Milk,milk.png,TRUE,eb1a30f6f34601ecc3f99897699a1fe9,2
B,seasonal,90,5,冬,Winter,Winter,winter.png,TRUE,2a9248040b28f5675270a00a3d1e7e18,2
B,actions,67,8,学,Learn,Winter,learn.png,FALSE,0210f214bf3675168917afbdebc1a9ca,2
B,geology,53,6,冰,Ice,Ice,ice.png,TRUE,1aac6ee4c20e9f3804afbedb56f2c8bb,2
B,clothes,9,8,衫,Shirt,Rice,shirt.png,FALSE,2a94aad2450b389cfb64f7b7d4fc719e,2
B,geology,53,6,冰,Ice,Moon,ice.png,FALSE,ee1b871a946334b47556b2840c4d1341,2
B,grains,12,7,饭,Rice,Ice,rice.png,FALSE,df4bdb7875e479bc037ae114f6986eb0,2
B,clothes,9,8,衫,Shirt,Moon,shirt.png,FALSE,8f4be9e71b68453fa2f0f86a71b2044d,2
B,actions,67,8,学,Learn,Learn,learn.png,TRUE,47cccdd71359c6948e5f1c9715eec008,2
B,dairy,5,5,牙,Milk,Learn,milk.png,FALSE,036f909d467612415f445a73b21cead9,2
B,family,69,5,奶,Grandma,Winter,grandma.png,FALSE,5ffc474cec84de38bedb337b71c62873,2
B,clothes,9,8,衫,Shirt,Shirt,shirt.png,TRUE,ad275d0683f4e0285acc02b26321812c,2
B,grains,12,7,饭,Rice,Rice,rice.png,TRUE,50d47a036be384f79448de933215eb7e,2
B,seasonal,90,5,冬,Winter,Shirt,winter.png,FALSE,d37df8b348f25a14d6c20dfa3db0fbcb,2
B,clothes,9,8,衫,Shirt,Shirt,shirt.png,TRUE,ad275d0683f4e0285acc02b26321812c,2
B,atmosphere,17,4,月,Moon,Shirt,moon.png,FALSE,3ab837cae6f5192ff6f86da53d0bdfe8,2
B,dairy,5,5,牙,Milk,Ice,milk.png,FALSE,e628dbb08e9bb01d7e8cd9b569d0fc55,2
B,grains,12,7,饭,Rice,Rice,rice.png,TRUE,50d47a036be384f79448de933215eb7e,2
B,actions,67,8,学,Learn,Learn,learn.png,TRUE,47cccdd71359c6948e5f1c9715eec008,2
B,geology,53,6,冰,Ice,Milk,ice.png,FALSE,54405793ce0121d3fb16c482181ffbd0,2
B,family,69,5,奶,Grandma,Milk,grandma.png,FALSE,6d25969dab4e8f41933211fae23ad0d8,2
B,atmosphere,17,4,月,Moon,Learn,moon.png,FALSE,cbdc48b657d6072641dc1cadd0631460,2
B,geology,53,6,冰,Ice,Ice,ice.png,TRUE,1aac6ee4c20e9f3804afbedb56f2c8bb,2
B,seasonal,90,5,冬,Winter,Grandma,winter.png,FALSE,c978fc91d8dc001552f671a1acf57262,2
