Set,category,character_index,stroke_count,character,correct_word,current_word,filename,match,pairing_md5,create_id
B,dairy,5,5,牙,Milk,Grandma,milk.png,FALSE,d0686a55cfed90caef44ce5295b4dab4,5
B,seasonal,90,5,冬,Winter,Ice,winter.png,FALSE,e1c666713a1f119f85791ff9cfb5ce02,5
B,family,69,5,奶,Grandma,Grandma,grandma.png,TRUE,89e4a38ef9fafaf9b1d492366c53eb73,5
B,family,69,5,奶,Grandma,Rice,grandma.png,FALSE,106cbcc06a68818fea9efb1c3c4a8f8a,5
B,family,69,5,奶,Grandma,Milk,grandma.png,FALSE,6d25969dab4e8f41933211fae23ad0d8,5
B,family,69,5,奶,Grandma,Grandma,grandma.png,TRUE,89e4a38ef9fafaf9b1d492366c53eb73,5
B,actions,67,8,学,Learn,Shirt,learn.png,FALSE,b8f6e9002cdebfaeff7c844722b962d2,5
B,dairy,5,5,牙,Milk,Milk,milk.png,TRUE,eb1a30f6f34601ecc3f99897699a1fe9,5
B,seasonal,90,5,冬,Winter,Moon,winter.png,FALSE,367331140255c4c0f73ed45940fda217,5
B,geology,53,6,冰,Ice,Ice,ice.png,TRUE,1aac6ee4c20e9f3804afbedb56f2c8bb,5
B,atmosphere,17,4,月,Moon,Ice,moon.png,FALSE,6ca6c055ebd449ab53697850402c0f2d,5
B,grains,12,7,饭,Rice,Shirt,rice.png,FALSE,90778cbcc9ada444f74de9f8747ffe4b,5
B,clothes,9,8,衫,Shirt,Rice,shirt.png,FALSE,2a94aad2450b389cfb64f7b7d4fc719e,5
B,seasonal,90,5,冬,Winter,Winter,winter.png,TRUE,2a9248040b28f5675270a00a3d1e7e18,5
B,dairy,5,5,牙,Milk,Winter,milk.png,FALSE,6e7642632eb6942b256734a2ca3b9100,5
B,grains,12,7,饭,Rice,Rice,rice.png,TRUE,50d47a036be384f79448de933215eb7e,5
B,atmosphere,17,4,月,Moon,Moon,moon.png,TRUE,562566cfe5974c6727262f538652b7ce,5
B,clothes,9,8,衫,Shirt,Shirt,shirt.png,TRUE,ad275d0683f4e0285acc02b26321812c,5
B,clothes,9,8,衫,Shirt,Shirt,shirt.png,TRUE,ad275d0683f4e0285acc02b26321812c,5
B,grains,12,7,饭,Rice,Moon,rice.png,FALSE,d9be37f77b6f31ebad923ba85d8cbb04,5
B,clothes,9,8,衫,Shirt,Learn,shirt.png,FALSE,4a6078b43425042216a07b7135802eb7,5
B,geology,53,6,冰,Ice,Winter,ice.png,FALSE,33d0d8ba0dc33aee99d1b419c73a04f2,5
B,seasonal,90,5,冬,Winter,Winter,winter.png,TRUE,2a9248040b28f5675270a00a3d1e7e18,5
B,geology,53,6,冰,Ice,Learn,ice.png,FALSE,5995e9dbe13cc43ef2487bd66d2cc96f,5
B,actions,67,8,学,Learn,Learn,learn.png,TRUE,47cccdd71359c6948e5f1c9715eec008,5
B,actions,67,8,学,Learn,Milk,learn.png,FALSE,6fb1a97a9cfa002cf6c1b04ebec2239c,5
B,atmosphere,17,4,月,Moon,Grandma,moon.png,FALSE,3440b82fea0f8ebde400ddd5727b856f,5
B,geology,53,6,冰,Ice,Ice,ice.png,TRUE,1aac6ee4c20e9f3804afbedb56f2c8bb,5
B,atmosphere,17,4,月,Moon,Moon,moon.png,TRUE,562566cfe5974c6727262f538652b7ce,5
B,dairy,5,5,牙,Milk,Milk,milk.png,TRUE,eb1a30f6f34601ecc3f99897699a1fe9,5
B,actions,67,8,学,Learn,Learn,learn.png,TRUE,47cccdd71359c6948e5f1c9715eec008,5
B,grains,12,7,饭,Rice,Rice,rice.png,TRUE,50d47a036be384f79448de933215eb7e,5
