Set,category,character_index,stroke_count,character,correct_word,current_word,filename,match,pairing_md5,create_id
B,atmosphere,17,4,月,Moon,Moon,moon.png,TRUE,562566cfe5974c6727262f538652b7ce,9
B,dairy,5,5,牙,Milk,Milk,milk.png,TRUE,eb1a30f6f34601ecc3f99897699a1fe9,9
B,geology,53,6,冰,Ice,Ice,ice.png,TRUE,1aac6ee4c20e9f3804afbedb56f2c8bb,9
B,grains,12,7,饭,Rice,Grandma,rice.png,FALSE,b0bb5322d9160ad23051c36ea312e054,9
B,geology,53,6,冰,Ice,Ice,ice.png,TRUE,1aac6ee4c20e9f3804afbedb56f2c8bb,9
B,clothes,9,8,衫,Shirt,Winter,shirt.png,FALSE,d71f88e00b04bd6a9cbd9a7a31d8f390,9
B,grains,12,7,饭,Rice,Rice,rice.png,TRUE,50d47a036be384f79448de933215eb7e,9
B,dairy,5,5,牙,Milk,Moon,milk.png,FALSE,d9b8a8507f3fc4bd13a0ee2ca65f9274,9
B,seasonal,90,5,冬,Winter,Milk,winter.png,FALSE,5e6b412ac0360e5074079a073abc2092,9
B,actions,67,8,学,Learn,Shirt,learn.png,FALSE,b8f6e9002cdebfaeff7c844722b962d2,9
B,seasonal,90,5,冬,Winter,Winter,winter.png,TRUE,2a9248040b28f5675270a00a3d1e7e18,9
B,seasonal,90,5,冬,Winter,Winter,winter.png,TRUE,2a9248040b28f5675270a00a3d1e7e18,9
B,geology,53,6,冰,Ice,Grandma,ice.png,FALSE,61cfe424a33e0fb86ebf6bd929cf1a34,9
B,atmosphere,17,4,月,Moon,Shirt,moon.png,FALSE,3ab837cae6f5192ff6f86da53d0bdfe8,9
B,actions,67,8,学,Learn,Learn,learn.png,TRUE,47cccdd71359c6948e5f1c9715eec008,9
B,atmosphere,17,4,月,Moon,Moon,moon.png,TRUE,562566cfe5974c6727262f538652b7ce,9
B,actions,67,8,学,Learn,Milk,learn.png,FALSE,6fb1a97a9cfa002cf6c1b04ebec2239c,9
B,family,69,5,奶,Grandma,Grandma,grandma.png,TRUE,89e4a38ef9fafaf9b1d492366c53eb73,9
B,family,69,5,奶,Grandma,Rice,grandma.png,FALSE,106cbcc06a68818fea9efb1c3c4a8f8a,9
B,family,69,5,奶,Grandma,Grandma,grandma.png,TRUE,89e4a38ef9fafaf9b1d492366c53eb73,9
B,geology,53,6,冰,Ice,Rice,ice.png,FALSE,cd59996b51c0b17702fe052f71fc136a,9
B,grains,12,7,饭,Rice,Learn,rice.png,FALSE,ee36679035841a9056f03449882a5d62,9
B,seasonal,90,5,冬,Winter,Moon,winter.png,FALSE,367331140255c4c0f73ed45940fda217,9
B,grains,12,7,饭,Rice,Rice,rice.png,TRUE,50d47a036be384f79448de933215eb7e,9
B,dairy,5,5,牙,Milk,Ice,milk.png,FALSE,e628dbb08e9bb01d7e8cd9b569d0fc55,9
B,dairy,5,5,牙,Milk,Milk,milk.png,TRUE,eb1a30f6f34601ecc3f99897699a1fe9,9
B,clothes,9,8,衫,Shirt,Shirt,shirt.png,TRUE,ad275d0683f4e0285acc02b26321812c,9
B,atmosphere,17,4,月,Moon,Learn,moon.png,FALSE,cbdc48b657d6072641dc1cadd0631460,9
B,family,69,5,奶,Grandma,Winter,grandma.png,FALSE,5ffc474cec84de38bedb337b71c62873,9
B,clothes,9,8,衫,Shirt,Shirt,shirt.png,TRUE,ad275d0683f4e0285acc02b26321812c,9
B,actions,67,8,学,Learn,Learn,learn.png,TRUE,47cccdd71359c6948e5f1c9715eec008,9
B,clothes,9,8,衫,Shirt,Ice,shirt.png,FALSE,3ef4698b43c8fbbc979ddd9047c8d714,9
