Set,category,character_index,stroke_count,character,correct_word,current_word,filename,match,pairing_md5,create_id
B,grains,12,7,饭,Rice,Rice,rice.png,TRUE,50d47a036be384f79448de933215eb7e,8
B,dairy,5,5,牙,Milk,Shirt,milk.png,FALSE,27f713838e908964de6df63b33cef684,8
B,geology,53,6,冰,Ice,Winter,ice.png,FALSE,33d0d8ba0dc33aee99d1b419c73a04f2,8
B,seasonal,90,5,冬,Winter,Winter,winter.png,TRUE,2a9248040b28f5675270a00a3d1e7e18,8
B,family,69,5,奶,Grandma,Grandma,grandma.png,TRUE,89e4a38ef9fafaf9b1d492366c53eb73,8
B,atmosphere,17,4,月,Moon,Moon,moon.png,TRUE,562566cfe5974c6727262f538652b7ce,8
B,geology,53,6,冰,Ice,Milk,ice.png,FALSE,54405793ce0121d3fb16c482181ffbd0,8
B,dairy,5,5,牙,Milk,Milk,milk.png,TRUE,eb1a30f6f34601ecc3f99897699a1fe9,8
B,actions,67,8,学,Learn,Rice,learn.png,FALSE,5a54d06fd3160e137c16eaec98c937d1,8
B,grains,12,7,饭,Rice,Rice,rice.png,TRUE,50d47a036be384f79448de933215eb7e,8
B,actions,67,8,学,Learn,Learn,learn.png,TRUE,47cccdd71359c6948e5f1c9715eec008,8
B,grains,12,7,饭,Rice,Winter,rice.png,FALSE,8ece859650cab8142e28c5a5adc8c23f,8
B,family,69,5,奶,Grandma,Rice,grandma.png,FALSE,106cbcc06a68818fea9efb1c3c4a8f8a,8
B,seasonal,90,5,冬,Winter,Winter,winter.png,TRUE,2a9248040b28f5675270a00a3d1e7e18,8
B,actions,67,8,学,Learn,Learn,learn.png,TRUE,47cccdd71359c6948e5f1c9715eec008,8
B,dairy,5,5,牙,Milk,Moon,milk.png,FALSE,d9b8a8507f3fc4bd13a0ee2ca65f9274,8
B,actions,67,8,学,Learn,Grandma,learn.png,FALSE,bf828c8029796bbbe871ca5586060f52,8
B,clothes,9,8,衫,Shirt,Grandma,shirt.png,FALSE,a9b72dd209b48ed94a240d7fc426805a,8
B,family,69,5,奶,Grandma,Milk,grandma.png,FALSE,6d25969dab4e8f41933211fae23ad0d8,8
B,geology,53,6,冰,Ice,Ice,ice.png,TRUE,1aac6ee4c20e9f3804afbedb56f2c8bb,8
B,atmosphere,17,4,月,Moon,Learn,moon.png,FALSE,cbdc48b657d6072641dc1cadd0631460,8
B,family,69,5,奶,Grandma,Grandma,grandma.png,TRUE,89e4a38ef9fafaf9b1d492366c53eb73,8
B,clothes,9,8,衫,Shirt,Learn,shirt.png,FALSE,4a6078b43425042216a07b7135802eb7,8
B,dairy,5,5,牙,Milk,Milk,milk.png,TRUE,eb1a30f6f34601ecc3f99897699a1fe9,8
B,atmosphere,17,4,月,Moon,Moon,moon.png,TRUE,562566cfe5974c6727262f538652b7ce,8
B,grains,12,7,饭,Rice,Ice,rice.png,FALSE,df4bdb7875e479bc037ae114f6986eb0,8
B,geology,53,6,冰,Ice,Ice,ice.png,TRUE,1aac6ee4c20e9f3804afbedb56f2c8bb,8
B,clothes,9,8,衫,Shirt,Shirt,shirt.png,TRUE,ad275d0683f4e0285acc02b26321812c,8
B,seasonal,90,5,冬,Winter,Shirt,winter.png,FALSE,d37df8b348f25a14d6c20dfa3db0fbcb,8
B,atmosphere,17,4,月,Moon,Ice,moon.png,FALSE,6ca6c055ebd449ab53697850402c0f2d,8
B,clothes,9,8,衫,Shirt,Shirt,shirt.png,TRUE,ad275d0683f4e0285acc02b26321812c,8
B,seasonal,90,5,冬,Winter,Moon,winter.png,FALSE,367331140255c4c0f73ed45940fda217,8
