Set,category,character_index,stroke_count,character,correct_word,current_word,filename,match,pairing_md5,create_id
B,dairy,5,5,牙,Milk,Moon,milk.png,FALSE,d9b8a8507f3fc4bd13a0ee2ca65f9274,4
B,geology,53,6,冰,Ice,Rice,ice.png,FALSE,cd59996b51c0b17702fe052f71fc136a,4
B,dairy,5,5,牙,Milk,Milk,milk.png,TRUE,eb1a30f6f34601ecc3f99897699a1fe9,4
B,seasonal,90,5,冬,Winter,Ice,winter.png,FALSE,e1c666713a1f119f85791ff9cfb5ce02,4
B,clothes,9,8,衫,Shirt,Moon,shirt.png,FALSE,8f4be9e71b68453fa2f0f86a71b2044d,4
B,actions,67,8,学,Learn,Shirt,learn.png,FALSE,b8f6e9002cdebfaeff7c844722b962d2,4
B,seasonal,90,5,冬,Winter,Winter,winter.png,TRUE,2a9248040b28f5675270a00a3d1e7e18,4
B,grains,12,7,饭,Rice,Grandma,rice.png,FALSE,b0bb5322d9160ad23051c36ea312e054,4
B,actions,67,8,学,Learn,Learn,learn.png,TRUE,47cccdd71359c6948e5f1c9715eec008,4
B,geology,53,6,冰,Ice,Ice,ice.png,TRUE,1aac6ee4c20e9f3804afbedb56f2c8bb,4
B,atmosphere,17,4,月,Moon,Grandma,moon.png,FALSE,3440b82fea0f8ebde400ddd5727b856f,4
B,atmosphere,17,4,月,Moon,Moon,moon.png,TRUE,562566cfe5974c6727262f538652b7ce,4
B,atmosphere,17,4,月,Moon,Moon,moon.png,TRUE,562566cfe5974c6727262f538652b7ce,4
B,family,69,5,奶,Grandma,Shirt,grandma.png,FALSE,d5ab20971750a73931a317958997fc78,4
B,geology,53,6,冰,Ice,Ice,ice.png,TRUE,1aac6ee4c20e9f3804afbedb56f2c8bb,4
B,dairy,5,5,牙,Milk,Rice,milk.png,FALSE,aef8e234e0fd13f6a76d6d72a97c9c57,4
B,dairy,5,5,牙,Milk,Milk,milk.png,TRUE,eb1a30f6f34601ecc3f99897699a1fe9,4
B,family,69,5,奶,Grandma,Learn,grandma.png,FALSE,017d610f88ce347bf20d2028f33a7337,4
B,grains,12,7,饭,Rice,Rice,rice.png,TRUE,50d47a036be384f79448de933215eb7e,4
B,geology,53,6,冰,Ice,Winter,ice.png,FALSE,33d0d8ba0dc33aee99d1b419c73a04f2,4
B,family,69,5,奶,Grandma,Grandma,grandma.png,TRUE,89e4a38ef9fafaf9b1d492366c53eb73,4
B,clothes,9,8,衫,Shirt,Ice,shirt.png,FALSE,3ef4698b43c8fbbc979ddd9047c8d714,4
B,clothes,9,8,衫,Shirt,Shirt,shirt.png,TRUE,ad275d0683f4e0285acc02b26321812c,4
B,actions,67,8,学,Learn,Learn,learn.png,TRUE,47cccdd71359c6948e5f1c9715eec008,4
B,grains,12,7,饭,Rice,Learn,rice.png,FALSE,ee36679035841a9056f03449882a5d62,4
B,atmosphere,17,4,月,Moon,Milk,moon.png,FALSE,599be578067db2f30caf118b2850b057,4
B,grains,12,7,饭,Rice,Rice,rice.png,TRUE,50d47a036be384f79448de933215eb7e,4
B,family,69,5,奶,Grandma,Grandma,grandma.png,TRUE,89e4a38ef9fafaf9b1d492366c53eb73,4
B,clothes,9,8,衫,Shirt,Shirt,shirt.png,TRUE,ad275d0683f4e0285acc02b26321812c,4
B,seasonal,90,5,冬,Winter,Winter,winter.png,TRUE,2a9248040b28f5675270a00a3d1e7e18,4
B,actions,67,8,学,Learn,Winter,learn.png,FALSE,0210f214bf3675168917afbdebc1a9ca,4
B,seasonal,90,5,冬,Winter,Milk,winter.png,FALSE,5e6b412ac0360e5074079a073abc2092,4
