Set,category,character_index,stroke_count,character,correct_word,current_word,filename,match,pairing_md5,create_id
B,clothes,9,8,衫,Shirt,Shirt,shirt.png,TRUE,ad275d0683f4e0285acc02b26321812c,1
B,grains,12,7,饭,Rice,Shirt,rice.png,FALSE,90778cbcc9ada444f74de9f8747ffe4b,1
B,actions,67,8,学,Learn,Learn,learn.png,TRUE,47cccdd71359c6948e5f1c9715eec008,1
B,actions,67,8,学,Learn,Milk,learn.png,FALSE,6fb1a97a9cfa002cf6c1b04ebec2239c,1
B,atmosphere,17,4,月,Moon,Moon,moon.png,TRUE,562566cfe5974c6727262f538652b7ce,1
B,dairy,5,5,牙,Milk,Ice,milk.png,FALSE,e628dbb08e9bb01d7e8cd9b569d0fc55,1
B,atmosphere,17,4,月,Moon,Milk,moon.png,FALSE,599be578067db2f30caf118b2850b057,1
B,actions,67,8,学,Learn,Rice,learn.png,FALSE,5a54d06fd3160e137c16eaec98c937d1,1
B,atmosphere,17,4,月,Moon,Moon,moon.png,TRUE,562566cfe5974c6727262f538652b7ce,1
B,grains,12,7,饭,Rice,Rice,rice.png,TRUE,50d47a036be384f79448de933215eb7e,1
B,seasonal,90,5,冬,Winter,Learn,winter.png,FALSE,c05211640d8f32c6a7d9f62d9dfd71b6,1
B,seasonal,90,5,冬,Winter,Winter,winter.png,TRUE,2a9248040b28f5675270a00a3d1e7e18,1
B,dairy,5,5,牙,Milk,Milk,milk.png,TRUE,eb1a30f6f34601ecc3f99897699a1fe9,1
B,grains,12,7,饭,Rice,Rice,rice.png,TRUE,50d47a036be384f79448de933215eb7e,1
B,seasonal,90,5,冬,Winter,Moon,winter.png,FALSE,367331140255c4c0f73ed45940fda217,1
B,dairy,5,5,牙,Milk,Milk,milk.png,TRUE,eb1a30f6f34601ecc3f99897699a1fe9,1
B,geology,53,6,冰,Ice,Ice,ice.png,TRUE,1aac6ee4c20e9f3804afbedb56f2c8bb,1
B,dairy,5,5,牙,Milk,Winter,milk.png,FALSE,6e7642632eb6942b256734a2ca3b9100,1
B,atmosphere,17,4,月,Moon,Grandma,moon.png,FALSE,3440b82fea0f8ebde400ddd5727b856f,1
B,family,69,5,奶,Grandma,Grandma,grandma.png,TRUE,89e4a38ef9fafaf9b1d492366c53eb73,1
B,clothes,9,8,衫,Shirt,Shirt,shirt.png,TRUE,ad275d0683f4e0285acc02b26321812c,1
B,seasonal,90,5,冬,Winter,Winter,winter.png,TRUE,2a9248040b28f5675270a00a3d1e7e18,1
B,geology,53,6,冰,Ice,Moon,ice.png,FALSE,ee1b871a946334b47556b2840c4d1341,1
B,clothes,9,8,衫,Shirt,Rice,shirt.png,FALSE,2a94aad2450b389cfb64f7b7d4fc719e,1
B,geology,53,6,冰,Ice,Learn,ice.png,FALSE,5995e9dbe13cc43ef2487bd66d2cc96f,1
B,actions,67,8,学,Learn,Learn,learn.png,TRUE,47cccdd71359c6948e5f1c9715eec008,1
B,family,69,5,奶,Grandma,Grandma,grandma.png,TRUE,89e4a38ef9fafaf9b1d492366c53eb73,1
B,family,69,5,奶,Grandma,Shirt,grandma.png,FALSE,d5ab20971750a73931a317958997fc78,1
B,geology,53,6,冰,Ice,Ice,ice.png,TRUE,1aac6ee4c20e9f3804afbedb56f2c8bb,1
B,clothes,9,8,衫,Shirt,Grandma,shirt.png,FALSE,a9b72dd209b48ed94a240d7fc426805a,1
B,family,69,5,奶,Grandma,Winter,grandma.png,FALSE,5ffc474cec84de38bedb337b71c62873,1
B,grains,12,7,饭,Rice,Ice,rice.png,FALSE,df4bdb7875e479bc037ae114f6986eb0,1
