set,category,character,filename,current_word,correct_word,incorrect1,incorrect2,create_md5_hash,current_eq_incorrect1,current_eq_incorrect2,correct_eq_incorrect1,correct_eq_incorrect2
A,geography,岛,island.png,Island,Island,Hand,Lamp,4d4195b9efbab65c63ffe720d544b878,FALSE,FALSE,FALSE,FALSE
A,office,纸,paper.png,Tomato,Paper,Hand,Red,4d4195b9efbab65c63ffe720d544b878,FALSE,FALSE,FALSE,FALSE
A,body,手,hand.png,Hand,Hand,Island,Horse,4d4195b9efbab65c63ffe720d544b878,FALSE,FALSE,FALSE,FALSE
A,body,手,hand.png,Hand,Hand,Lamp,Paper,4d4195b9efbab65c63ffe720d544b878,FALSE,FALSE,FALSE,FALSE
A,furniture,灯,lamp.png,Lamp,Lamp,Paper,Hand,4d4195b9efbab65c63ffe720d544b878,FALSE,FALSE,FALSE,FALSE
A,animals,马,horse.png,Horse,Horse,Tomato,Soup,4d4195b9efbab65c63ffe720d544b878,FALSE,FALSE,FALSE,FALSE
A,office,纸,paper.png,Paper,Paper,Lamp,Hand,4d4195b9efbab65c63ffe720d544b878,FALSE,FALSE,FALSE,FALSE
A,color,红,red.png,Red,Red,Lamp,Tomato,4d4195b9efbab65c63ffe720d544b878,FALSE,FALSE,FALSE,FALSE
A,color,红,red.png,Lamp,Red,Island,Tomato,4d4195b9efbab65c63ffe720d544b878,FALSE,FALSE,FALSE,FALSE
A,body,手,hand.png,Soup,Hand,Horse,Tomato,4d4195b9efbab65c63ffe720d544b878,FALSE,FALSE,FALSE,FALSE
A,fruit,茄,tomato.png,Tomato,Tomato,Soup,Island,4d4195b9efbab65c63ffe720d544b878,FALSE,FALSE,FALSE,FALSE
A,fruit,茄,tomato.png,Soup,Tomato,Lamp,Island,4d4195b9efbab65c63ffe720d544b878,FALSE,FALSE,FALSE,FALSE
A,geography,岛,island.png,Island,Island,Paper,Tomato,4d4195b9efbab65c63ffe720d544b878,FALSE,FALSE,FALSE,FALSE
A,animals,马,horse.png,Soup,Horse,Lamp,Island,4d4195b9efbab65c63ffe720d544b878,FALSE,FALSE,FALSE,FALSE
A,furniture,灯,lamp.png,Lamp,Lamp,Island,Red,4d4195b9efbab65c63ffe720d544b878,FALSE,FALSE,FALSE,FALSE
A,color,红,red.png,Horse,Red,Soup,Hand,4d4195b9efbab65c63ffe720d544b878,FALSE,FALSE,FALSE,FALSE
A,office,纸,paper.png,Lamp,Paper,Horse,Island,4d4195b9efbab65c63ffe720d544b878,FALSE,FALSE,FALSE,FALSE
A,color,红,red.png,Red,Red,Horse,Island,4d4195b9efbab65c63ffe720d544b878,FALSE,FALSE,FALSE,FALSE
A,foods,汤,soup.png,Hand,Soup,Tomato,Horse,4d4195b9efbab65c63ffe720d544b878,FALSE,FALSE,FALSE,FALSE
A,body,手,hand.png,Red,Hand,Lamp,Paper,4d4195b9efbab65c63ffe720d544b878,FALSE,FALSE,FALSE,FALSE
A,foods,汤,soup.png,Paper,Soup,Red,Island,4d4195b9efbab65c63ffe720d544b878,FALSE,FALSE,FALSE,FALSE
A,geography,岛,island.png,Lamp,Island,Red,Horse,4d4195b9efbab65c63ffe720d544b878,FALSE,FALSE,FALSE,FALSE
A,geography,岛,island.png,Hand,Island,Tomato,Paper,4d4195b9efbab65c63ffe720d544b878,FALSE,FALSE,FALSE,FALSE
A,office,纸,paper.png,Paper,Paper,Red,Horse,4d4195b9efbab65c63ffe720d544b878,FALSE,FALSE,FALSE,FALSE
A,foods,汤,soup.png,Soup,Soup,Hand,Lamp,4d4195b9efbab65c63ffe720d544b878,FALSE,FALSE,FALSE,FALSE
A,foods,汤,soup.png,Soup,Soup,Red,Tomato,4d4195b9efbab65c63ffe720d544b878,FALSE,FALSE,FALSE,FALSE
A,animals,马,horse.png,Horse,Horse,Lamp,Hand,4d4195b9efbab65c63ffe720d544b878,FALSE,FALSE,FALSE,FALSE
A,fruit,茄,tomato.png,Hand,Tomato,Horse,Paper,4d4195b9efbab65c63ffe720d544b878,FALSE,FALSE,FALSE,FALSE
A,animals,马,horse.png,Paper,Horse,Red,Hand,4d4195b9efbab65c63ffe720d544b878,FALSE,FALSE,FALSE,FALSE
A,fruit,茄,tomato.png,Tomato,Tomato,Horse,Lamp,4d4195b9efbab65c63ffe720d544b878,FALSE,FALSE,FALSE,FALSE
A,furniture,灯,lamp.png,Paper,Lamp,Horse,Soup,4d4195b9efbab65c63ffe720d544b878,FALSE,FALSE,FALSE,FALSE
A,furniture,灯,lamp.png,Tomato,Lamp,Hand,Red,4d4195b9efbab65c63ffe720d544b878,FALSE,FALSE,FALSE,FALSE
