set,category,character,filename,current_word,correct_word,create_md5_hash
A,animals,马,horse.png,red,horse,ff93b2f3af1ad39433548a3bf625d710
A,office,纸,paper.png,hand,paper,ff93b2f3af1ad39433548a3bf625d710
A,foods,汤,soup.png,soup,soup,ff93b2f3af1ad39433548a3bf625d710
A,color,红,red.png,red,red,ff93b2f3af1ad39433548a3bf625d710
A,animals,马,horse.png,horse,horse,ff93b2f3af1ad39433548a3bf625d710
A,foods,汤,soup.png,tomato,soup,ff93b2f3af1ad39433548a3bf625d710
A,office,纸,paper.png,paper,paper,ff93b2f3af1ad39433548a3bf625d710
A,animals,马,horse.png,horse,horse,ff93b2f3af1ad39433548a3bf625d710
A,fruit,茄,tomato.png,red,tomato,ff93b2f3af1ad39433548a3bf625d710
A,office,纸,paper.png,tomato,paper,ff93b2f3af1ad39433548a3bf625d710
A,color,红,red.png,soup,red,ff93b2f3af1ad39433548a3bf625d710
A,furniture,灯,lamp.png,lamp,lamp,ff93b2f3af1ad39433548a3bf625d710
A,body,手,hand.png,paper,hand,ff93b2f3af1ad39433548a3bf625d710
A,foods,汤,soup.png,soup,soup,ff93b2f3af1ad39433548a3bf625d710
A,animals,马,horse.png,lamp,horse,ff93b2f3af1ad39433548a3bf625d710
A,geography,岛,island.png,hand,island,ff93b2f3af1ad39433548a3bf625d710
A,fruit,茄,tomato.png,tomato,tomato,ff93b2f3af1ad39433548a3bf625d710
A,fruit,茄,tomato.png,paper,tomato,ff93b2f3af1ad39433548a3bf625d710
A,color,红,red.png,red,red,ff93b2f3af1ad39433548a3bf625d710
A,geography,岛,island.png,lamp,island,ff93b2f3af1ad39433548a3bf625d710
A,fruit,茄,tomato.png,tomato,tomato,ff93b2f3af1ad39433548a3bf625d710
A,color,红,red.png,paper,red,ff93b2f3af1ad39433548a3bf625d710
A,furniture,灯,lamp.png,red,lamp,ff93b2f3af1ad39433548a3bf625d710
A,geography,岛,island.png,island,island,ff93b2f3af1ad39433548a3bf625d710
A,office,纸,paper.png,paper,paper,ff93b2f3af1ad39433548a3bf625d710
A,furniture,灯,lamp.png,lamp,lamp,ff93b2f3af1ad39433548a3bf625d710
A,body,手,hand.png,red,hand,ff93b2f3af1ad39433548a3bf625d710
A,body,手,hand.png,hand,hand,ff93b2f3af1ad39433548a3bf625d710
A,furniture,灯,lamp.png,island,lamp,ff93b2f3af1ad39433548a3bf625d710
A,foods,汤,soup.png,paper,soup,ff93b2f3af1ad39433548a3bf625d710
A,geography,岛,island.png,island,island,ff93b2f3af1ad39433548a3bf625d710
A,body,手,hand.png,hand,hand,ff93b2f3af1ad39433548a3bf625d710
