set,category,character,filename,current_word,correct_word,create_md5_hash
A,geography,岛,island.png,island,island,b5490fcbcb2efed4a42315af8cb06f99
A,animals,马,horse.png,horse,horse,b5490fcbcb2efed4a42315af8cb06f99
A,fruit,茄,tomato.png,horse,tomato,b5490fcbcb2efed4a42315af8cb06f99
A,office,纸,paper.png,paper,paper,b5490fcbcb2efed4a42315af8cb06f99
A,foods,汤,soup.png,hand,soup,b5490fcbcb2efed4a42315af8cb06f99
A,color,红,red.png,red,red,b5490fcbcb2efed4a42315af8cb06f99
A,animals,马,horse.png,horse,horse,b5490fcbcb2efed4a42315af8cb06f99
A,geography,岛,island.png,lamp,island,b5490fcbcb2efed4a42315af8cb06f99
A,body,手,hand.png,island,hand,b5490fcbcb2efed4a42315af8cb06f99
A,fruit,茄,tomato.png,tomato,tomato,b5490fcbcb2efed4a42315af8cb06f99
A,furniture,灯,lamp.png,lamp,lamp,b5490fcbcb2efed4a42315af8cb06f99
A,color,红,red.png,soup,red,b5490fcbcb2efed4a42315af8cb06f99
A,office,纸,paper.png,paper,paper,b5490fcbcb2efed4a42315af8cb06f99
A,color,红,red.png,red,red,b5490fcbcb2efed4a42315af8cb06f99
A,fruit,茄,tomato.png,tomato,tomato,b5490fcbcb2efed4a42315af8cb06f99
A,furniture,灯,lamp.png,lamp,lamp,b5490fcbcb2efed4a42315af8cb06f99
A,geography,岛,island.png,hand,island,b5490fcbcb2efed4a42315af8cb06f99
A,body,手,hand.png,lamp,hand,b5490fcbcb2efed4a42315af8cb06f99
A,geography,岛,island.png,island,island,b5490fcbcb2efed4a42315af8cb06f99
A,animals,马,horse.png,soup,horse,b5490fcbcb2efed4a42315af8cb06f99
A,furniture,灯,lamp.png,red,lamp,b5490fcbcb2efed4a42315af8cb06f99
A,body,手,hand.png,hand,hand,b5490fcbcb2efed4a42315af8cb06f99
A,body,手,hand.png,hand,hand,b5490fcbcb2efed4a42315af8cb06f99
A,foods,汤,soup.png,red,soup,b5490fcbcb2efed4a42315af8cb06f99
A,office,纸,paper.png,red,paper,b5490fcbcb2efed4a42315af8cb06f99
A,office,纸,paper.png,horse,paper,b5490fcbcb2efed4a42315af8cb06f99
A,animals,马,horse.png,lamp,horse,b5490fcbcb2efed4a42315af8cb06f99
A,fruit,茄,tomato.png,hand,tomato,b5490fcbcb2efed4a42315af8cb06f99
A,foods,汤,soup.png,soup,soup,b5490fcbcb2efed4a42315af8cb06f99
A,foods,汤,soup.png,soup,soup,b5490fcbcb2efed4a42315af8cb06f99
A,color,红,red.png,paper,red,b5490fcbcb2efed4a42315af8cb06f99
A,furniture,灯,lamp.png,island,lamp,b5490fcbcb2efed4a42315af8cb06f99
