set,category,character,filename,current_word,correct_word,create_md5_hash
A,animals,马,horse.png,island,horse,d625bba0898fda2d6f6ca2192f0bfd39
A,body,手,hand.png,soup,hand,d625bba0898fda2d6f6ca2192f0bfd39
A,geography,岛,island.png,island,island,d625bba0898fda2d6f6ca2192f0bfd39
A,furniture,灯,lamp.png,lamp,lamp,d625bba0898fda2d6f6ca2192f0bfd39
A,office,纸,paper.png,paper,paper,d625bba0898fda2d6f6ca2192f0bfd39
A,color,红,red.png,tomato,red,d625bba0898fda2d6f6ca2192f0bfd39
A,body,手,hand.png,hand,hand,d625bba0898fda2d6f6ca2192f0bfd39
A,geography,岛,island.png,red,island,d625bba0898fda2d6f6ca2192f0bfd39
A,furniture,灯,lamp.png,tomato,lamp,d625bba0898fda2d6f6ca2192f0bfd39
A,color,红,red.png,red,red,d625bba0898fda2d6f6ca2192f0bfd39
A,furniture,灯,lamp.png,hand,lamp,d625bba0898fda2d6f6ca2192f0bfd39
A,animals,马,horse.png,red,horse,d625bba0898fda2d6f6ca2192f0bfd39
A,animals,马,horse.png,horse,horse,d625bba0898fda2d6f6ca2192f0bfd39
A,foods,汤,soup.png,island,soup,d625bba0898fda2d6f6ca2192f0bfd39
A,geography,岛,island.png,lamp,island,d625bba0898fda2d6f6ca2192f0bfd39
A,office,纸,paper.png,tomato,paper,d625bba0898fda2d6f6ca2192f0bfd39
A,foods,汤,soup.png,soup,soup,d625bba0898fda2d6f6ca2192f0bfd39
A,fruit,茄,tomato.png,red,tomato,d625bba0898fda2d6f6ca2192f0bfd39
A,geography,岛,island.png,island,island,d625bba0898fda2d6f6ca2192f0bfd39
A,furniture,灯,lamp.png,lamp,lamp,d625bba0898fda2d6f6ca2192f0bfd39
A,foods,汤,soup.png,soup,soup,d625bba0898fda2d6f6ca2192f0bfd39
A,fruit,茄,tomato.png,tomato,tomato,d625bba0898fda2d6f6ca2192f0bfd39
A,color,红,red.png,soup,red,d625bba0898fda2d6f6ca2192f0bfd39
A,animals,马,horse.png,horse,horse,d625bba0898fda2d6f6ca2192f0bfd39
A,fruit,茄,tomato.png,soup,tomato,d625bba0898fda2d6f6ca2192f0bfd39
A,body,手,hand.png,lamp,hand,d625bba0898fda2d6f6ca2192f0bfd39
A,body,手,hand.png,hand,hand,d625bba0898fda2d6f6ca2192f0bfd39
A,foods,汤,soup.png,hand,soup,d625bba0898fda2d6f6ca2192f0bfd39
A,office,纸,paper.png,soup,paper,d625bba0898fda2d6f6ca2192f0bfd39
A,fruit,茄,tomato.png,tomato,tomato,d625bba0898fda2d6f6ca2192f0bfd39
A,color,红,red.png,red,red,d625bba0898fda2d6f6ca2192f0bfd39
A,office,纸,paper.png,paper,paper,d625bba0898fda2d6f6ca2192f0bfd39
