set,category,character,filename,current_word,correct_word,incorrect1,incorrect2,create_md5_hash,current_eq_incorrect1,current_eq_incorrect2,correct_eq_incorrect1,correct_eq_incorrect2
A,foods,汤,soup.png,Tomato,Soup,Red,Horse,3e05ea5e50dba0631f96b3152e811f10,FALSE,FALSE,FALSE,FALSE
A,fruit,茄,tomato.png,Paper,Tomato,Island,Soup,3e05ea5e50dba0631f96b3152e811f10,FALSE,FALSE,FALSE,FALSE
A,body,手,hand.png,Tomato,Hand,Paper,Island,3e05ea5e50dba0631f96b3152e811f10,FALSE,FALSE,FALSE,FALSE
A,color,红,red.png,Paper,Red,Lamp,Horse,3e05ea5e50dba0631f96b3152e811f10,FALSE,FALSE,FALSE,FALSE
A,office,纸,paper.png,Paper,Paper,Island,Hand,3e05ea5e50dba0631f96b3152e811f10,FALSE,FALSE,FALSE,FALSE
A,office,纸,paper.png,Soup,Paper,Red,Lamp,3e05ea5e50dba0631f96b3152e811f10,FALSE,FALSE,FALSE,FALSE
A,foods,汤,soup.png,Island,Soup,Lamp,Hand,3e05ea5e50dba0631f96b3152e811f10,FALSE,FALSE,FALSE,FALSE
A,furniture,灯,lamp.png,Lamp,Lamp,Tomato,Hand,3e05ea5e50dba0631f96b3152e811f10,FALSE,FALSE,FALSE,FALSE
A,animals,马,horse.png,Red,Horse,Paper,Tomato,3e05ea5e50dba0631f96b3152e811f10,FALSE,FALSE,FALSE,FALSE
A,body,手,hand.png,Hand,Hand,Soup,Red,3e05ea5e50dba0631f96b3152e811f10,FALSE,FALSE,FALSE,FALSE
A,foods,汤,soup.png,Soup,Soup,Red,Horse,3e05ea5e50dba0631f96b3152e811f10,FALSE,FALSE,FALSE,FALSE
A,office,纸,paper.png,Paper,Paper,Tomato,Horse,3e05ea5e50dba0631f96b3152e811f10,FALSE,FALSE,FALSE,FALSE
A,fruit,茄,tomato.png,Tomato,Tomato,Island,Lamp,3e05ea5e50dba0631f96b3152e811f10,FALSE,FALSE,FALSE,FALSE
A,furniture,灯,lamp.png,Lamp,Lamp,Paper,Red,3e05ea5e50dba0631f96b3152e811f10,FALSE,FALSE,FALSE,FALSE
A,geography,岛,island.png,Island,Island,Paper,Horse,3e05ea5e50dba0631f96b3152e811f10,FALSE,FALSE,FALSE,FALSE
A,color,红,red.png,Island,Red,Hand,Tomato,3e05ea5e50dba0631f96b3152e811f10,FALSE,FALSE,FALSE,FALSE
A,animals,马,horse.png,Soup,Horse,Island,Lamp,3e05ea5e50dba0631f96b3152e811f10,FALSE,FALSE,FALSE,FALSE
A,office,纸,paper.png,Tomato,Paper,Hand,Horse,3e05ea5e50dba0631f96b3152e811f10,FALSE,FALSE,FALSE,FALSE
A,color,红,red.png,Red,Red,Tomato,Soup,3e05ea5e50dba0631f96b3152e811f10,FALSE,FALSE,FALSE,FALSE
A,animals,马,horse.png,Horse,Horse,Lamp,Soup,3e05ea5e50dba0631f96b3152e811f10,FALSE,FALSE,FALSE,FALSE
A,furniture,灯,lamp.png,Island,Lamp,Red,Soup,3e05ea5e50dba0631f96b3152e811f10,FALSE,FALSE,FALSE,FALSE
A,geography,岛,island.png,Hand,Island,Lamp,Soup,3e05ea5e50dba0631f96b3152e811f10,FALSE,FALSE,FALSE,FALSE
A,fruit,茄,tomato.png,Lamp,Tomato,Horse,Red,3e05ea5e50dba0631f96b3152e811f10,FALSE,FALSE,FALSE,FALSE
A,geography,岛,island.png,Paper,Island,Tomato,Red,3e05ea5e50dba0631f96b3152e811f10,FALSE,FALSE,FALSE,FALSE
A,fruit,茄,tomato.png,Tomato,Tomato,Soup,Red,3e05ea5e50dba0631f96b3152e811f10,FALSE,FALSE,FALSE,FALSE
A,animals,马,horse.png,Horse,Horse,Hand,Island,3e05ea5e50dba0631f96b3152e811f10,FALSE,FALSE,FALSE,FALSE
A,furniture,灯,lamp.png,Paper,Lamp,Hand,Horse,3e05ea5e50dba0631f96b3152e811f10,FALSE,FALSE,FALSE,FALSE
A,color,红,red.png,Red,Red,Hand,Paper,3e05ea5e50dba0631f96b3152e811f10,FALSE,FALSE,FALSE,FALSE
A,body,手,hand.png,Horse,Hand,Soup,Lamp,3e05ea5e50dba0631f96b3152e811f10,FALSE,FALSE,FALSE,FALSE
A,foods,汤,soup.png,Soup,Soup,Hand,Tomato,3e05ea5e50dba0631f96b3152e811f10,FALSE,FALSE,FALSE,FALSE
A,geography,岛,island.png,Island,Island,Red,Tomato,3e05ea5e50dba0631f96b3152e811f10,FALSE,FALSE,FALSE,FALSE
A,body,手,hand.png,Hand,Hand,Paper,Horse,3e05ea5e50dba0631f96b3152e811f10,FALSE,FALSE,FALSE,FALSE
