set,category,character,filename,current_word,correct_word,incorrect1,incorrect2,create_md5_hash,current_eq_incorrect1,current_eq_incorrect2,correct_eq_incorrect1,correct_eq_incorrect2
A,fruit,茄,tomato.png,Tomato,Tomato,Paper,Red,7866908b42e1bf5fb227cd1f6ca01512,FALSE,FALSE,FALSE,FALSE
A,color,红,red.png,Red,Red,Paper,Lamp,7866908b42e1bf5fb227cd1f6ca01512,FALSE,FALSE,FALSE,FALSE
A,animals,马,horse.png,Horse,Horse,Island,Lamp,7866908b42e1bf5fb227cd1f6ca01512,FALSE,FALSE,FALSE,FALSE
A,foods,汤,soup.png,Horse,Soup,Red,Hand,7866908b42e1bf5fb227cd1f6ca01512,FALSE,FALSE,FALSE,FALSE
A,furniture,灯,lamp.png,Lamp,Lamp,Island,Tomato,7866908b42e1bf5fb227cd1f6ca01512,FALSE,FALSE,FALSE,FALSE
A,furniture,灯,lamp.png,Island,Lamp,Hand,Red,7866908b42e1bf5fb227cd1f6ca01512,FALSE,FALSE,FALSE,FALSE
A,body,手,hand.png,Tomato,Hand,Paper,Lamp,7866908b42e1bf5fb227cd1f6ca01512,FALSE,FALSE,FALSE,FALSE
A,animals,马,horse.png,Island,Horse,Paper,Tomato,7866908b42e1bf5fb227cd1f6ca01512,FALSE,FALSE,FALSE,FALSE
A,fruit,茄,tomato.png,Tomato,Tomato,Island,Soup,7866908b42e1bf5fb227cd1f6ca01512,FALSE,FALSE,FALSE,FALSE
A,office,纸,paper.png,Paper,Paper,Horse,Red,7866908b42e1bf5fb227cd1f6ca01512,FALSE,FALSE,FALSE,FALSE
A,office,纸,paper.png,Lamp,Paper,Tomato,Red,7866908b42e1bf5fb227cd1f6ca01512,FALSE,FALSE,FALSE,FALSE
A,geography,岛,island.png,Island,Island,Lamp,Horse,7866908b42e1bf5fb227cd1f6ca01512,FALSE,FALSE,FALSE,FALSE
A,foods,汤,soup.png,Soup,Soup,Horse,Lamp,7866908b42e1bf5fb227cd1f6ca01512,FALSE,FALSE,FALSE,FALSE
A,animals,马,horse.png,Horse,Horse,Soup,Paper,7866908b42e1bf5fb227cd1f6ca01512,FALSE,FALSE,FALSE,FALSE
A,geography,岛,island.png,Island,Island,Red,Tomato,7866908b42e1bf5fb227cd1f6ca01512,FALSE,FALSE,FALSE,FALSE
A,geography,岛,island.png,Red,Island,Paper,Horse,7866908b42e1bf5fb227cd1f6ca01512,FALSE,FALSE,FALSE,FALSE
A,office,纸,paper.png,Soup,Paper,Island,Hand,7866908b42e1bf5fb227cd1f6ca01512,FALSE,FALSE,FALSE,FALSE
A,body,手,hand.png,Hand,Hand,Lamp,Red,7866908b42e1bf5fb227cd1f6ca01512,FALSE,FALSE,FALSE,FALSE
A,color,红,red.png,Red,Red,Soup,Island,7866908b42e1bf5fb227cd1f6ca01512,FALSE,FALSE,FALSE,FALSE
A,foods,汤,soup.png,Tomato,Soup,Paper,Lamp,7866908b42e1bf5fb227cd1f6ca01512,FALSE,FALSE,FALSE,FALSE
A,foods,汤,soup.png,Soup,Soup,Tomato,Red,7866908b42e1bf5fb227cd1f6ca01512,FALSE,FALSE,FALSE,FALSE
A,fruit,茄,tomato.png,Soup,Tomato,Horse,Red,7866908b42e1bf5fb227cd1f6ca01512,FALSE,FALSE,FALSE,FALSE
A,geography,岛,island.png,Hand,Island,Lamp,Tomato,7866908b42e1bf5fb227cd1f6ca01512,FALSE,FALSE,FALSE,FALSE
A,fruit,茄,tomato.png,Paper,Tomato,Island,Lamp,7866908b42e1bf5fb227cd1f6ca01512,FALSE,FALSE,FALSE,FALSE
A,furniture,灯,lamp.png,Lamp,Lamp,Hand,Soup,7866908b42e1bf5fb227cd1f6ca01512,FALSE,FALSE,FALSE,FALSE
A,office,纸,paper.png,Paper,Paper,Soup,Island,7866908b42e1bf5fb227cd1f6ca01512,FALSE,FALSE,FALSE,FALSE
A,furniture,灯,lamp.png,Paper,Lamp,Soup,Tomato,7866908b42e1bf5fb227cd1f6ca01512,FALSE,FALSE,FALSE,FALSE
A,body,手,hand.png,Hand,Hand,Soup,Paper,7866908b42e1bf5fb227cd1f6ca01512,FALSE,FALSE,FALSE,FALSE
A,color,红,red.png,Hand,Red,Paper,Lamp,7866908b42e1bf5fb227cd1f6ca01512,FALSE,FALSE,FALSE,FALSE
A,color,红,red.png,Horse,Red,Island,Tomato,7866908b42e1bf5fb227cd1f6ca01512,FALSE,FALSE,FALSE,FALSE
A,animals,马,horse.png,Lamp,Horse,Soup,Hand,7866908b42e1bf5fb227cd1f6ca01512,FALSE,FALSE,FALSE,FALSE
A,body,手,hand.png,Island,Hand,Red,Soup,7866908b42e1bf5fb227cd1f6ca01512,FALSE,FALSE,FALSE,FALSE
