set,category,character,filename,current_word,correct_word,incorrect1,incorrect2,create_md5_hash,current_eq_incorrect1,current_eq_incorrect2,correct_eq_incorrect1,correct_eq_incorrect2
A,animals,马,horse.png,Horse,Horse,Red,Lamp,aa29a9745ac5fee3f0e53aa4d322cb6b,FALSE,FALSE,FALSE,FALSE
A,color,红,red.png,Paper,Red,Soup,Tomato,aa29a9745ac5fee3f0e53aa4d322cb6b,FALSE,FALSE,FALSE,FALSE
A,foods,汤,soup.png,Horse,Soup,Paper,Red,aa29a9745ac5fee3f0e53aa4d322cb6b,FALSE,FALSE,FALSE,FALSE
A,body,手,hand.png,Paper,Hand,Horse,Tomato,aa29a9745ac5fee3f0e53aa4d322cb6b,FALSE,FALSE,FALSE,FALSE
A,color,红,red.png,Red,Red,Tomato,Island,aa29a9745ac5fee3f0e53aa4d322cb6b,FALSE,FALSE,FALSE,FALSE
A,animals,马,horse.png,Soup,Horse,Tomato,Hand,aa29a9745ac5fee3f0e53aa4d322cb6b,FALSE,FALSE,FALSE,FALSE
A,office,纸,paper.png,Horse,Paper,Tomato,Red,aa29a9745ac5fee3f0e53aa4d322cb6b,FALSE,FALSE,FALSE,FALSE
A,body,手,hand.png,Hand,Hand,Red,Lamp,aa29a9745ac5fee3f0e53aa4d322cb6b,FALSE,FALSE,FALSE,FALSE
A,fruit,茄,tomato.png,Tomato,Tomato,Lamp,Soup,aa29a9745ac5fee3f0e53aa4d322cb6b,FALSE,FALSE,FALSE,FALSE
A,geography,岛,island.png,Island,Island,Horse,Soup,aa29a9745ac5fee3f0e53aa4d322cb6b,FALSE,FALSE,FALSE,FALSE
A,office,纸,paper.png,Paper,Paper,Horse,Lamp,aa29a9745ac5fee3f0e53aa4d322cb6b,FALSE,FALSE,FALSE,FALSE
A,body,手,hand.png,Soup,Hand,Island,Red,aa29a9745ac5fee3f0e53aa4d322cb6b,FALSE,FALSE,FALSE,FALSE
A,fruit,茄,tomato.png,Red,Tomato,Paper,Horse,aa29a9745ac5fee3f0e53aa4d322cb6b,FALSE,FALSE,FALSE,FALSE
A,furniture,灯,lamp.png,Lamp,Lamp,Red,Hand,aa29a9745ac5fee3f0e53aa4d322cb6b,FALSE,FALSE,FALSE,FALSE
A,geography,岛,island.png,Red,Island,Horse,Tomato,aa29a9745ac5fee3f0e53aa4d322cb6b,FALSE,FALSE,FALSE,FALSE
A,furniture,灯,lamp.png,Red,Lamp,Horse,Tomato,aa29a9745ac5fee3f0e53aa4d322cb6b,FALSE,FALSE,FALSE,FALSE
A,animals,马,horse.png,Paper,Horse,Lamp,Island,aa29a9745ac5fee3f0e53aa4d322cb6b,FALSE,FALSE,FALSE,FALSE
A,geography,岛,island.png,Island,Island,Red,Hand,aa29a9745ac5fee3f0e53aa4d322cb6b,FALSE,FALSE,FALSE,FALSE
A,foods,汤,soup.png,Soup,Soup,Tomato,Lamp,aa29a9745ac5fee3f0e53aa4d322cb6b,FALSE,FALSE,FALSE,FALSE
A,animals,马,horse.png,Horse,Horse,Soup,Paper,aa29a9745ac5fee3f0e53aa4d322cb6b,FALSE,FALSE,FALSE,FALSE
A,fruit,茄,tomato.png,Lamp,Tomato,Hand,Soup,aa29a9745ac5fee3f0e53aa4d322cb6b,FALSE,FALSE,FALSE,FALSE
A,color,红,red.png,Hand,Red,Lamp,Island,aa29a9745ac5fee3f0e53aa4d322cb6b,FALSE,FALSE,FALSE,FALSE
A,geography,岛,island.png,Hand,Island,Paper,Lamp,aa29a9745ac5fee3f0e53aa4d322cb6b,FALSE,FALSE,FALSE,FALSE
A,office,纸,paper.png,Island,Paper,Soup,Lamp,aa29a9745ac5fee3f0e53aa4d322cb6b,FALSE,FALSE,FALSE,FALSE
A,foods,汤,soup.png,Soup,Soup,Paper,Horse,aa29a9745ac5fee3f0e53aa4d322cb6b,FALSE,FALSE,FALSE,FALSE
A,furniture,灯,lamp.png,Lamp,Lamp,Paper,Horse,aa29a9745ac5fee3f0e53aa4d322cb6b,FALSE,FALSE,FALSE,FALSE
A,office,纸,paper.png,Paper,Paper,Red,Hand,aa29a9745ac5fee3f0e53aa4d322cb6b,FALSE,FALSE,FALSE,FALSE
A,body,手,hand.png,Hand,Hand,Paper,Tomato,aa29a9745ac5fee3f0e53aa4d322cb6b,FALSE,FALSE,FALSE,FALSE
A,foods,汤,soup.png,Island,Soup,Hand,Lamp,aa29a9745ac5fee3f0e53aa4d322cb6b,FALSE,FALSE,FALSE,FALSE
A,fruit,茄,tomato.png,Tomato,Tomato,Paper,Hand,aa29a9745ac5fee3f0e53aa4d322cb6b,FALSE,FALSE,FALSE,FALSE
A,color,红,red.png,Red,Red,Paper,Horse,aa29a9745ac5fee3f0e53aa4d322cb6b,FALSE,FALSE,FALSE,FALSE
A,furniture,灯,lamp.png,Island,Lamp,Soup,Hand,aa29a9745ac5fee3f0e53aa4d322cb6b,FALSE,FALSE,FALSE,FALSE
