set,category,character,filename,current_word,correct_word,create_md5_hash
A,animals,马,horse.png,lamp,horse,71b808e3b4d67adda685d4991c2368b7
A,body,手,hand.png,horse,hand,71b808e3b4d67adda685d4991c2368b7
A,color,红,red.png,lamp,red,71b808e3b4d67adda685d4991c2368b7
A,animals,马,horse.png,horse,horse,71b808e3b4d67adda685d4991c2368b7
A,animals,马,horse.png,hand,horse,71b808e3b4d67adda685d4991c2368b7
A,body,手,hand.png,hand,hand,71b808e3b4d67adda685d4991c2368b7
A,office,纸,paper.png,paper,paper,71b808e3b4d67adda685d4991c2368b7
A,foods,汤,soup.png,soup,soup,71b808e3b4d67adda685d4991c2368b7
A,body,手,hand.png,hand,hand,71b808e3b4d67adda685d4991c2368b7
A,animals,马,horse.png,horse,horse,71b808e3b4d67adda685d4991c2368b7
A,office,纸,paper.png,paper,paper,71b808e3b4d67adda685d4991c2368b7
A,fruit,茄,tomato.png,tomato,tomato,71b808e3b4d67adda685d4991c2368b7
A,foods,汤,soup.png,tomato,soup,71b808e3b4d67adda685d4991c2368b7
A,geography,岛,island.png,tomato,island,71b808e3b4d67adda685d4991c2368b7
A,foods,汤,soup.png,red,soup,71b808e3b4d67adda685d4991c2368b7
A,color,红,red.png,red,red,71b808e3b4d67adda685d4991c2368b7
A,body,手,hand.png,island,hand,71b808e3b4d67adda685d4991c2368b7
A,furniture,灯,lamp.png,lamp,lamp,71b808e3b4d67adda685d4991c2368b7
A,geography,岛,island.png,soup,island,71b808e3b4d67adda685d4991c2368b7
A,fruit,茄,tomato.png,lamp,tomato,71b808e3b4d67adda685d4991c2368b7
A,office,纸,paper.png,horse,paper,71b808e3b4d67adda685d4991c2368b7
A,furniture,灯,lamp.png,paper,lamp,71b808e3b4d67adda685d4991c2368b7
A,color,红,red.png,red,red,71b808e3b4d67adda685d4991c2368b7
A,foods,汤,soup.png,soup,soup,71b808e3b4d67adda685d4991c2368b7
A,furniture,灯,lamp.png,lamp,lamp,71b808e3b4d67adda685d4991c2368b7
A,geography,岛,island.png,island,island,71b808e3b4d67adda685d4991c2368b7
A,color,红,red.png,paper,red,71b808e3b4d67adda685d4991c2368b7
A,fruit,茄,tomato.png,tomato,tomato,71b808e3b4d67adda685d4991c2368b7
A,geography,岛,island.png,island,island,71b808e3b4d67adda685d4991c2368b7
A,office,纸,paper.png,red,paper,71b808e3b4d67adda685d4991c2368b7
A,furniture,灯,lamp.png,horse,lamp,71b808e3b4d67adda685d4991c2368b7
A,fruit,茄,tomato.png,island,tomato,71b808e3b4d67adda685d4991c2368b7
