set,category,character,filename,current_word,correct_word,incorrect1,incorrect2,create_md5_hash,current_eq_incorrect1,current_eq_incorrect2,correct_eq_incorrect1,correct_eq_incorrect2
A,animals,马,horse.png,Soup,Horse,Lamp,Island,d88a98455ad88ee9649816e4ad523ca5,FALSE,FALSE,FALSE,FALSE
A,body,手,hand.png,Hand,Hand,Lamp,Tomato,d88a98455ad88ee9649816e4ad523ca5,FALSE,FALSE,FALSE,FALSE
A,foods,汤,soup.png,Hand,Soup,Red,Paper,d88a98455ad88ee9649816e4ad523ca5,FALSE,FALSE,FALSE,FALSE
A,geography,岛,island.png,Red,Island,Horse,Hand,d88a98455ad88ee9649816e4ad523ca5,FALSE,FALSE,FALSE,FALSE
A,office,纸,paper.png,Red,Paper,Lamp,Soup,d88a98455ad88ee9649816e4ad523ca5,FALSE,FALSE,FALSE,FALSE
A,foods,汤,soup.png,Tomato,Soup,Island,Lamp,d88a98455ad88ee9649816e4ad523ca5,FALSE,FALSE,FALSE,FALSE
A,animals,马,horse.png,Paper,Horse,Hand,Tomato,d88a98455ad88ee9649816e4ad523ca5,FALSE,FALSE,FALSE,FALSE
A,fruit,茄,tomato.png,Tomato,Tomato,Horse,Lamp,d88a98455ad88ee9649816e4ad523ca5,FALSE,FALSE,FALSE,FALSE
A,foods,汤,soup.png,Soup,Soup,Red,Tomato,d88a98455ad88ee9649816e4ad523ca5,FALSE,FALSE,FALSE,FALSE
A,furniture,灯,lamp.png,Island,Lamp,Red,Horse,d88a98455ad88ee9649816e4ad523ca5,FALSE,FALSE,FALSE,FALSE
A,furniture,灯,lamp.png,Hand,Lamp,Paper,Soup,d88a98455ad88ee9649816e4ad523ca5,FALSE,FALSE,FALSE,FALSE
A,office,纸,paper.png,Paper,Paper,Tomato,Horse,d88a98455ad88ee9649816e4ad523ca5,FALSE,FALSE,FALSE,FALSE
A,foods,汤,soup.png,Soup,Soup,Paper,Horse,d88a98455ad88ee9649816e4ad523ca5,FALSE,FALSE,FALSE,FALSE
A,animals,马,horse.png,Horse,Horse,Lamp,Hand,d88a98455ad88ee9649816e4ad523ca5,FALSE,FALSE,FALSE,FALSE
A,color,红,red.png,Paper,Red,Island,Hand,d88a98455ad88ee9649816e4ad523ca5,FALSE,FALSE,FALSE,FALSE
A,office,纸,paper.png,Tomato,Paper,Hand,Horse,d88a98455ad88ee9649816e4ad523ca5,FALSE,FALSE,FALSE,FALSE
A,geography,岛,island.png,Island,Island,Hand,Paper,d88a98455ad88ee9649816e4ad523ca5,FALSE,FALSE,FALSE,FALSE
A,fruit,茄,tomato.png,Hand,Tomato,Horse,Paper,d88a98455ad88ee9649816e4ad523ca5,FALSE,FALSE,FALSE,FALSE
A,body,手,hand.png,Hand,Hand,Red,Paper,d88a98455ad88ee9649816e4ad523ca5,FALSE,FALSE,FALSE,FALSE
A,color,红,red.png,Red,Red,Island,Soup,d88a98455ad88ee9649816e4ad523ca5,FALSE,FALSE,FALSE,FALSE
A,animals,马,horse.png,Horse,Horse,Tomato,Island,d88a98455ad88ee9649816e4ad523ca5,FALSE,FALSE,FALSE,FALSE
A,body,手,hand.png,Horse,Hand,Red,Tomato,d88a98455ad88ee9649816e4ad523ca5,FALSE,FALSE,FALSE,FALSE
A,furniture,灯,lamp.png,Lamp,Lamp,Soup,Red,d88a98455ad88ee9649816e4ad523ca5,FALSE,FALSE,FALSE,FALSE
A,geography,岛,island.png,Island,Island,Horse,Red,d88a98455ad88ee9649816e4ad523ca5,FALSE,FALSE,FALSE,FALSE
A,fruit,茄,tomato.png,Tomato,Tomato,Hand,Red,d88a98455ad88ee9649816e4ad523ca5,FALSE,FALSE,FALSE,FALSE
A,color,红,red.png,Soup,Red,Lamp,Tomato,d88a98455ad88ee9649816e4ad523ca5,FALSE,FALSE,FALSE,FALSE
A,office,纸,paper.png,Paper,Paper,Soup,Island,d88a98455ad88ee9649816e4ad523ca5,FALSE,FALSE,FALSE,FALSE
A,color,红,red.png,Red,Red,Lamp,Paper,d88a98455ad88ee9649816e4ad523ca5,FALSE,FALSE,FALSE,FALSE
A,body,手,hand.png,Lamp,Hand,Island,Soup,d88a98455ad88ee9649816e4ad523ca5,FALSE,FALSE,FALSE,FALSE
A,geography,岛,island.png,Soup,Island,Paper,Tomato,d88a98455ad88ee9649816e4ad523ca5,FALSE,FALSE,FALSE,FALSE
A,fruit,茄,tomato.png,Island,Tomato,Soup,Lamp,d88a98455ad88ee9649816e4ad523ca5,FALSE,FALSE,FALSE,FALSE
A,furniture,灯,lamp.png,Lamp,Lamp,Hand,Tomato,d88a98455ad88ee9649816e4ad523ca5,FALSE,FALSE,FALSE,FALSE
