set,category,character,filename,current_word,correct_word,incorrect1,incorrect2,create_md5_hash,current_eq_incorrect1,current_eq_incorrect2,correct_eq_incorrect1,correct_eq_incorrect2
A,office,纸,paper.png,Paper,Paper,Horse,Soup,74cdc88ea5c9c96f8466187c1c4c8165,FALSE,FALSE,FALSE,FALSE
A,office,纸,paper.png,Soup,Paper,Horse,Red,74cdc88ea5c9c96f8466187c1c4c8165,FALSE,FALSE,FALSE,FALSE
A,office,纸,paper.png,Paper,Paper,Island,Hand,74cdc88ea5c9c96f8466187c1c4c8165,FALSE,FALSE,FALSE,FALSE
A,animals,马,horse.png,Horse,Horse,Soup,Tomato,74cdc88ea5c9c96f8466187c1c4c8165,FALSE,FALSE,FALSE,FALSE
A,animals,马,horse.png,Horse,Horse,Paper,Lamp,74cdc88ea5c9c96f8466187c1c4c8165,FALSE,FALSE,FALSE,FALSE
A,animals,马,horse.png,Tomato,Horse,Red,Paper,74cdc88ea5c9c96f8466187c1c4c8165,FALSE,FALSE,FALSE,FALSE
A,furniture,灯,lamp.png,Hand,Lamp,Horse,Island,74cdc88ea5c9c96f8466187c1c4c8165,FALSE,FALSE,FALSE,FALSE
A,office,纸,paper.png,Tomato,Paper,Hand,Lamp,74cdc88ea5c9c96f8466187c1c4c8165,FALSE,FALSE,FALSE,FALSE
A,color,红,red.png,Red,Red,Horse,Island,74cdc88ea5c9c96f8466187c1c4c8165,FALSE,FALSE,FALSE,FALSE
A,animals,马,horse.png,Lamp,Horse,Island,Soup,74cdc88ea5c9c96f8466187c1c4c8165,FALSE,FALSE,FALSE,FALSE
A,furniture,灯,lamp.png,Tomato,Lamp,Soup,Red,74cdc88ea5c9c96f8466187c1c4c8165,FALSE,FALSE,FALSE,FALSE
A,color,红,red.png,Tomato,Red,Paper,Soup,74cdc88ea5c9c96f8466187c1c4c8165,FALSE,FALSE,FALSE,FALSE
A,color,红,red.png,Lamp,Red,Horse,Island,74cdc88ea5c9c96f8466187c1c4c8165,FALSE,FALSE,FALSE,FALSE
A,geography,岛,island.png,Tomato,Island,Paper,Red,74cdc88ea5c9c96f8466187c1c4c8165,FALSE,FALSE,FALSE,FALSE
A,fruit,茄,tomato.png,Lamp,Tomato,Hand,Island,74cdc88ea5c9c96f8466187c1c4c8165,FALSE,FALSE,FALSE,FALSE
A,geography,岛,island.png,Island,Island,Paper,Hand,74cdc88ea5c9c96f8466187c1c4c8165,FALSE,FALSE,FALSE,FALSE
A,fruit,茄,tomato.png,Horse,Tomato,Red,Paper,74cdc88ea5c9c96f8466187c1c4c8165,FALSE,FALSE,FALSE,FALSE
A,foods,汤,soup.png,Lamp,Soup,Island,Paper,74cdc88ea5c9c96f8466187c1c4c8165,FALSE,FALSE,FALSE,FALSE
A,foods,汤,soup.png,Tomato,Soup,Horse,Hand,74cdc88ea5c9c96f8466187c1c4c8165,FALSE,FALSE,FALSE,FALSE
A,foods,汤,soup.png,Soup,Soup,Paper,Hand,74cdc88ea5c9c96f8466187c1c4c8165,FALSE,FALSE,FALSE,FALSE
A,furniture,灯,lamp.png,Lamp,Lamp,Tomato,Red,74cdc88ea5c9c96f8466187c1c4c8165,FALSE,FALSE,FALSE,FALSE
A,body,手,hand.png,Hand,Hand,Red,Island,74cdc88ea5c9c96f8466187c1c4c8165,FALSE,FALSE,FALSE,FALSE
A,body,手,hand.png,Tomato,Hand,Paper,Soup,74cdc88ea5c9c96f8466187c1c4c8165,FALSE,FALSE,FALSE,FALSE
A,foods,汤,soup.png,Soup,Soup,Red,Tomato,74cdc88ea5c9c96f8466187c1c4c8165,FALSE,FALSE,FALSE,FALSE
A,fruit,茄,tomato.png,Tomato,Tomato,Lamp,Red,74cdc88ea5c9c96f8466187c1c4c8165,FALSE,FALSE,FALSE,FALSE
A,fruit,茄,tomato.png,Tomato,Tomato,Paper,Horse,74cdc88ea5c9c96f8466187c1c4c8165,FALSE,FALSE,FALSE,FALSE
A,color,红,red.png,Red,Red,Paper,Lamp,74cdc88ea5c9c96f8466187c1c4c8165,FALSE,FALSE,FALSE,FALSE
A,body,手,hand.png,Red,Hand,Island,Horse,74cdc88ea5c9c96f8466187c1c4c8165,FALSE,FALSE,FALSE,FALSE
A,geography,岛,island.png,Island,Island,Horse,Red,74cdc88ea5c9c96f8466187c1c4c8165,FALSE,FALSE,FALSE,FALSE
A,body,手,hand.png,Hand,Hand,Horse,Soup,74cdc88ea5c9c96f8466187c1c4c8165,FALSE,FALSE,FALSE,FALSE
A,geography,岛,island.png,Lamp,Island,Horse,Hand,74cdc88ea5c9c96f8466187c1c4c8165,FALSE,FALSE,FALSE,FALSE
A,furniture,灯,lamp.png,Lamp,Lamp,Island,Paper,74cdc88ea5c9c96f8466187c1c4c8165,FALSE,FALSE,FALSE,FALSE
