set,category,character,filename,current_word,correct_word,incorrect1,incorrect2,create_md5_hash,current_eq_incorrect1,current_eq_incorrect2,correct_eq_incorrect1,correct_eq_incorrect2
A,animals,马,horse.png,Horse,Horse,Island,Paper,11ff8a4964894a89a947bb5276a2668a,FALSE,FALSE,FALSE,FALSE
A,foods,汤,soup.png,Lamp,Soup,Red,Horse,11ff8a4964894a89a947bb5276a2668a,FALSE,FALSE,FALSE,FALSE
A,fruit,茄,tomato.png,Tomato,Tomato,Paper,Red,11ff8a4964894a89a947bb5276a2668a,FALSE,FALSE,FALSE,FALSE
A,geography,岛,island.png,Island,Island,Hand,Horse,11ff8a4964894a89a947bb5276a2668a,FALSE,FALSE,FALSE,FALSE
A,body,手,hand.png,Tomato,Hand,Island,Paper,11ff8a4964894a89a947bb5276a2668a,FALSE,FALSE,FALSE,FALSE
A,office,纸,paper.png,Lamp,Paper,Hand,Red,11ff8a4964894a89a947bb5276a2668a,FALSE,FALSE,FALSE,FALSE
A,office,纸,paper.png,Tomato,Paper,Island,Horse,11ff8a4964894a89a947bb5276a2668a,FALSE,FALSE,FALSE,FALSE
A,geography,岛,island.png,Island,Island,Lamp,Red,11ff8a4964894a89a947bb5276a2668a,FALSE,FALSE,FALSE,FALSE
A,body,手,hand.png,Hand,Hand,Lamp,Soup,11ff8a4964894a89a947bb5276a2668a,FALSE,FALSE,FALSE,FALSE
A,color,红,red.png,Red,Red,Paper,Tomato,11ff8a4964894a89a947bb5276a2668a,FALSE,FALSE,FALSE,FALSE
A,geography,岛,island.png,Paper,Island,Hand,Tomato,11ff8a4964894a89a947bb5276a2668a,FALSE,FALSE,FALSE,FALSE
A,color,红,red.png,Island,Red,Soup,Paper,11ff8a4964894a89a947bb5276a2668a,FALSE,FALSE,FALSE,FALSE
A,color,红,red.png,Tomato,Red,Hand,Horse,11ff8a4964894a89a947bb5276a2668a,FALSE,FALSE,FALSE,FALSE
A,color,红,red.png,Red,Red,Hand,Island,11ff8a4964894a89a947bb5276a2668a,FALSE,FALSE,FALSE,FALSE
A,furniture,灯,lamp.png,Soup,Lamp,Tomato,Horse,11ff8a4964894a89a947bb5276a2668a,FALSE,FALSE,FALSE,FALSE
A,body,手,hand.png,Hand,Hand,Island,Red,11ff8a4964894a89a947bb5276a2668a,FALSE,FALSE,FALSE,FALSE
A,foods,汤,soup.png,Soup,Soup,Island,Paper,11ff8a4964894a89a947bb5276a2668a,FALSE,FALSE,FALSE,FALSE
A,furniture,灯,lamp.png,Hand,Lamp,Red,Island,11ff8a4964894a89a947bb5276a2668a,FALSE,FALSE,FALSE,FALSE
A,fruit,茄,tomato.png,Soup,Tomato,Horse,Lamp,11ff8a4964894a89a947bb5276a2668a,FALSE,FALSE,FALSE,FALSE
A,foods,汤,soup.png,Island,Soup,Paper,Hand,11ff8a4964894a89a947bb5276a2668a,FALSE,FALSE,FALSE,FALSE
A,office,纸,paper.png,Paper,Paper,Horse,Lamp,11ff8a4964894a89a947bb5276a2668a,FALSE,FALSE,FALSE,FALSE
A,furniture,灯,lamp.png,Lamp,Lamp,Tomato,Paper,11ff8a4964894a89a947bb5276a2668a,FALSE,FALSE,FALSE,FALSE
A,animals,马,horse.png,Horse,Horse,Tomato,Red,11ff8a4964894a89a947bb5276a2668a,FALSE,FALSE,FALSE,FALSE
A,animals,马,horse.png,Soup,Horse,Red,Lamp,11ff8a4964894a89a947bb5276a2668a,FALSE,FALSE,FALSE,FALSE
A,foods,汤,soup.png,Soup,Soup,Tomato,Red,11ff8a4964894a89a947bb5276a2668a,FALSE,FALSE,FALSE,FALSE
A,office,纸,paper.png,Paper,Paper,Tomato,Soup,11ff8a4964894a89a947bb5276a2668a,FALSE,FALSE,FALSE,FALSE
A,body,手,hand.png,Red,Hand,Horse,Lamp,11ff8a4964894a89a947bb5276a2668a,FALSE,FALSE,FALSE,FALSE
A,animals,马,horse.png,Hand,Horse,Island,Paper,11ff8a4964894a89a947bb5276a2668a,FALSE,FALSE,FALSE,FALSE
A,fruit,茄,tomato.png,Tomato,Tomato,Lamp,Hand,11ff8a4964894a89a947bb5276a2668a,FALSE,FALSE,FALSE,FALSE
A,furniture,灯,lamp.png,Lamp,Lamp,Red,Island,11ff8a4964894a89a947bb5276a2668a,FALSE,FALSE,FALSE,FALSE
A,fruit,茄,tomato.png,Paper,Tomato,Hand,Island,11ff8a4964894a89a947bb5276a2668a,FALSE,FALSE,FALSE,FALSE
A,geography,岛,island.png,Red,Island,Horse,Lamp,11ff8a4964894a89a947bb5276a2668a,FALSE,FALSE,FALSE,FALSE
