set,category,character,filename,current_word,correct_word,incorrect1,incorrect2,create_md5_hash,current_eq_incorrect1,current_eq_incorrect2,correct_eq_incorrect1,correct_eq_incorrect2
A,geography,岛,island.png,Paper,Island,Horse,Red,4bc50a7cad27f8d3db30922dd32fe20d,FALSE,FALSE,FALSE,FALSE
A,fruit,茄,tomato.png,Lamp,Tomato,Hand,Island,4bc50a7cad27f8d3db30922dd32fe20d,FALSE,FALSE,FALSE,FALSE
A,foods,汤,soup.png,Island,Soup,Lamp,Hand,4bc50a7cad27f8d3db30922dd32fe20d,FALSE,FALSE,FALSE,FALSE
A,furniture,灯,lamp.png,Island,Lamp,Soup,Red,4bc50a7cad27f8d3db30922dd32fe20d,FALSE,FALSE,FALSE,FALSE
A,furniture,灯,lamp.png,Lamp,Lamp,Island,Tomato,4bc50a7cad27f8d3db30922dd32fe20d,FALSE,FALSE,FALSE,FALSE
A,body,手,hand.png,Island,Hand,Paper,Lamp,4bc50a7cad27f8d3db30922dd32fe20d,FALSE,FALSE,FALSE,FALSE
A,geography,岛,island.png,Island,Island,Horse,Paper,4bc50a7cad27f8d3db30922dd32fe20d,FALSE,FALSE,FALSE,FALSE
A,office,纸,paper.png,Paper,Paper,Island,Lamp,4bc50a7cad27f8d3db30922dd32fe20d,FALSE,FALSE,FALSE,FALSE
A,foods,汤,soup.png,Soup,Soup,Horse,Tomato,4bc50a7cad27f8d3db30922dd32fe20d,FALSE,FALSE,FALSE,FALSE
A,foods,汤,soup.png,Paper,Soup,Tomato,Red,4bc50a7cad27f8d3db30922dd32fe20d,FALSE,FALSE,FALSE,FALSE
A,body,手,hand.png,Hand,Hand,Island,Red,4bc50a7cad27f8d3db30922dd32fe20d,FALSE,FALSE,FALSE,FALSE
A,geography,岛,island.png,Hand,Island,Tomato,Lamp,4bc50a7cad27f8d3db30922dd32fe20d,FALSE,FALSE,FALSE,FALSE
A,office,纸,paper.png,Paper,Paper,Soup,Horse,4bc50a7cad27f8d3db30922dd32fe20d,FALSE,FALSE,FALSE,FALSE
A,color,红,red.png,Red,Red,Island,Paper,4bc50a7cad27f8d3db30922dd32fe20d,FALSE,FALSE,FALSE,FALSE
A,geography,岛,island.png,Island,Island,Tomato,Soup,4bc50a7cad27f8d3db30922dd32fe20d,FALSE,FALSE,FALSE,FALSE
A,body,手,hand.png,Tomato,Hand,Red,Soup,4bc50a7cad27f8d3db30922dd32fe20d,FALSE,FALSE,FALSE,FALSE
A,fruit,茄,tomato.png,Tomato,Tomato,Paper,Red,4bc50a7cad27f8d3db30922dd32fe20d,FALSE,FALSE,FALSE,FALSE
A,foods,汤,soup.png,Soup,Soup,Island,Hand,4bc50a7cad27f8d3db30922dd32fe20d,FALSE,FALSE,FALSE,FALSE
A,furniture,灯,lamp.png,Lamp,Lamp,Horse,Red,4bc50a7cad27f8d3db30922dd32fe20d,FALSE,FALSE,FALSE,FALSE
A,animals,马,horse.png,Hand,Horse,Tomato,Soup,4bc50a7cad27f8d3db30922dd32fe20d,FALSE,FALSE,FALSE,FALSE
A,body,手,hand.png,Hand,Hand,Tomato,Paper,4bc50a7cad27f8d3db30922dd32fe20d,FALSE,FALSE,FALSE,FALSE
A,animals,马,horse.png,Horse,Horse,Lamp,Soup,4bc50a7cad27f8d3db30922dd32fe20d,FALSE,FALSE,FALSE,FALSE
A,furniture,灯,lamp.png,Horse,Lamp,Tomato,Paper,4bc50a7cad27f8d3db30922dd32fe20d,FALSE,FALSE,FALSE,FALSE
A,office,纸,paper.png,Island,Paper,Tomato,Horse,4bc50a7cad27f8d3db30922dd32fe20d,FALSE,FALSE,FALSE,FALSE
A,fruit,茄,tomato.png,Tomato,Tomato,Hand,Horse,4bc50a7cad27f8d3db30922dd32fe20d,FALSE,FALSE,FALSE,FALSE
A,color,红,red.png,Island,Red,Lamp,Hand,4bc50a7cad27f8d3db30922dd32fe20d,FALSE,FALSE,FALSE,FALSE
A,fruit,茄,tomato.png,Paper,Tomato,Soup,Horse,4bc50a7cad27f8d3db30922dd32fe20d,FALSE,FALSE,FALSE,FALSE
A,office,纸,paper.png,Red,Paper,Soup,Lamp,4bc50a7cad27f8d3db30922dd32fe20d,FALSE,FALSE,FALSE,FALSE
A,color,红,red.png,Soup,Red,Paper,Horse,4bc50a7cad27f8d3db30922dd32fe20d,FALSE,FALSE,FALSE,FALSE
A,animals,马,horse.png,Horse,Horse,Hand,Island,4bc50a7cad27f8d3db30922dd32fe20d,FALSE,FALSE,FALSE,FALSE
A,animals,马,horse.png,Red,Horse,Island,Lamp,4bc50a7cad27f8d3db30922dd32fe20d,FALSE,FALSE,FALSE,FALSE
A,color,红,red.png,Red,Red,Hand,Lamp,4bc50a7cad27f8d3db30922dd32fe20d,FALSE,FALSE,FALSE,FALSE
