set,category,character,filename,current_word,correct_word,create_md5_hash
A,body,手,hand.png,horse,hand,3b68ff052be034e002e3fa7a1d40573e
A,geography,岛,island.png,island,island,3b68ff052be034e002e3fa7a1d40573e
A,body,手,hand.png,lamp,hand,3b68ff052be034e002e3fa7a1d40573e
A,body,手,hand.png,hand,hand,3b68ff052be034e002e3fa7a1d40573e
A,fruit,茄,tomato.png,tomato,tomato,3b68ff052be034e002e3fa7a1d40573e
A,body,手,hand.png,hand,hand,3b68ff052be034e002e3fa7a1d40573e
A,animals,马,horse.png,lamp,horse,3b68ff052be034e002e3fa7a1d40573e
A,furniture,灯,lamp.png,lamp,lamp,3b68ff052be034e002e3fa7a1d40573e
A,office,纸,paper.png,paper,paper,3b68ff052be034e002e3fa7a1d40573e
A,animals,马,horse.png,paper,horse,3b68ff052be034e002e3fa7a1d40573e
A,geography,岛,island.png,red,island,3b68ff052be034e002e3fa7a1d40573e
A,animals,马,horse.png,horse,horse,3b68ff052be034e002e3fa7a1d40573e
A,color,红,red.png,red,red,3b68ff052be034e002e3fa7a1d40573e
A,color,红,red.png,tomato,red,3b68ff052be034e002e3fa7a1d40573e
A,furniture,灯,lamp.png,paper,lamp,3b68ff052be034e002e3fa7a1d40573e
A,geography,岛,island.png,paper,island,3b68ff052be034e002e3fa7a1d40573e
A,foods,汤,soup.png,soup,soup,3b68ff052be034e002e3fa7a1d40573e
A,fruit,茄,tomato.png,tomato,tomato,3b68ff052be034e002e3fa7a1d40573e
A,fruit,茄,tomato.png,paper,tomato,3b68ff052be034e002e3fa7a1d40573e
A,office,纸,paper.png,soup,paper,3b68ff052be034e002e3fa7a1d40573e
A,color,红,red.png,red,red,3b68ff052be034e002e3fa7a1d40573e
A,fruit,茄,tomato.png,hand,tomato,3b68ff052be034e002e3fa7a1d40573e
A,foods,汤,soup.png,paper,soup,3b68ff052be034e002e3fa7a1d40573e
A,office,纸,paper.png,lamp,paper,3b68ff052be034e002e3fa7a1d40573e
A,office,纸,paper.png,paper,paper,3b68ff052be034e002e3fa7a1d40573e
A,foods,汤,soup.png,soup,soup,3b68ff052be034e002e3fa7a1d40573e
A,color,红,red.png,soup,red,3b68ff052be034e002e3fa7a1d40573e
A,furniture,灯,lamp.png,soup,lamp,3b68ff052be034e002e3fa7a1d40573e
A,geography,岛,island.png,island,island,3b68ff052be034e002e3fa7a1d40573e
A,furniture,灯,lamp.png,lamp,lamp,3b68ff052be034e002e3fa7a1d40573e
A,animals,马,horse.png,horse,horse,3b68ff052be034e002e3fa7a1d40573e
A,foods,汤,soup.png,hand,soup,3b68ff052be034e002e3fa7a1d40573e
