set,category,character,filename,current_word,correct_word,incorrect1,incorrect2,create_md5_hash,current_eq_incorrect1,current_eq_incorrect2,correct_eq_incorrect1,correct_eq_incorrect2
A,foods,汤,soup.png,Horse,Soup,Tomato,Lamp,d4cf5ce54e3475325aed489933077d1e,FALSE,FALSE,FALSE,FALSE
A,foods,汤,soup.png,Soup,Soup,Tomato,Paper,d4cf5ce54e3475325aed489933077d1e,FALSE,FALSE,FALSE,FALSE
A,fruit,茄,tomato.png,Hand,Tomato,Red,Lamp,d4cf5ce54e3475325aed489933077d1e,FALSE,FALSE,FALSE,FALSE
A,body,手,hand.png,Hand,Hand,Horse,Lamp,d4cf5ce54e3475325aed489933077d1e,FALSE,FALSE,FALSE,FALSE
A,furniture,灯,lamp.png,Lamp,Lamp,Hand,Soup,d4cf5ce54e3475325aed489933077d1e,FALSE,FALSE,FALSE,FALSE
A,color,红,red.png,Tomato,Red,Island,Lamp,d4cf5ce54e3475325aed489933077d1e,FALSE,FALSE,FALSE,FALSE
A,furniture,灯,lamp.png,Lamp,Lamp,Tomato,Red,d4cf5ce54e3475325aed489933077d1e,FALSE,FALSE,FALSE,FALSE
A,furniture,灯,lamp.png,Soup,Lamp,Horse,Paper,d4cf5ce54e3475325aed489933077d1e,FALSE,FALSE,FALSE,FALSE
A,fruit,茄,tomato.png,Tomato,Tomato,Island,Horse,d4cf5ce54e3475325aed489933077d1e,FALSE,FALSE,FALSE,FALSE
A,office,纸,paper.png,Paper,Paper,Lamp,Soup,d4cf5ce54e3475325aed489933077d1e,FALSE,FALSE,FALSE,FALSE
A,office,纸,paper.png,Paper,Paper,Red,Island,d4cf5ce54e3475325aed489933077d1e,FALSE,FALSE,FALSE,FALSE
A,animals,马,horse.png,Red,Horse,Island,Lamp,d4cf5ce54e3475325aed489933077d1e,FALSE,FALSE,FALSE,FALSE
A,geography,岛,island.png,Red,Island,Tomato,Horse,d4cf5ce54e3475325aed489933077d1e,FALSE,FALSE,FALSE,FALSE
A,body,手,hand.png,Red,Hand,Paper,Horse,d4cf5ce54e3475325aed489933077d1e,FALSE,FALSE,FALSE,FALSE
A,animals,马,horse.png,Horse,Horse,Soup,Paper,d4cf5ce54e3475325aed489933077d1e,FALSE,FALSE,FALSE,FALSE
A,office,纸,paper.png,Hand,Paper,Tomato,Lamp,d4cf5ce54e3475325aed489933077d1e,FALSE,FALSE,FALSE,FALSE
A,furniture,灯,lamp.png,Island,Lamp,Hand,Tomato,d4cf5ce54e3475325aed489933077d1e,FALSE,FALSE,FALSE,FALSE
A,geography,岛,island.png,Island,Island,Tomato,Horse,d4cf5ce54e3475325aed489933077d1e,FALSE,FALSE,FALSE,FALSE
A,color,红,red.png,Red,Red,Soup,Lamp,d4cf5ce54e3475325aed489933077d1e,FALSE,FALSE,FALSE,FALSE
A,body,手,hand.png,Lamp,Hand,Soup,Island,d4cf5ce54e3475325aed489933077d1e,FALSE,FALSE,FALSE,FALSE
A,animals,马,horse.png,Tomato,Horse,Paper,Hand,d4cf5ce54e3475325aed489933077d1e,FALSE,FALSE,FALSE,FALSE
A,color,红,red.png,Red,Red,Horse,Hand,d4cf5ce54e3475325aed489933077d1e,FALSE,FALSE,FALSE,FALSE
A,color,红,red.png,Horse,Red,Soup,Hand,d4cf5ce54e3475325aed489933077d1e,FALSE,FALSE,FALSE,FALSE
A,geography,岛,island.png,Lamp,Island,Hand,Paper,d4cf5ce54e3475325aed489933077d1e,FALSE,FALSE,FALSE,FALSE
A,fruit,茄,tomato.png,Tomato,Tomato,Red,Hand,d4cf5ce54e3475325aed489933077d1e,FALSE,FALSE,FALSE,FALSE
A,foods,汤,soup.png,Red,Soup,Island,Hand,d4cf5ce54e3475325aed489933077d1e,FALSE,FALSE,FALSE,FALSE
A,office,纸,paper.png,Island,Paper,Horse,Red,d4cf5ce54e3475325aed489933077d1e,FALSE,FALSE,FALSE,FALSE
A,fruit,茄,tomato.png,Horse,Tomato,Paper,Island,d4cf5ce54e3475325aed489933077d1e,FALSE,FALSE,FALSE,FALSE
A,geography,岛,island.png,Island,Island,Lamp,Paper,d4cf5ce54e3475325aed489933077d1e,FALSE,FALSE,FALSE,FALSE
A,foods,汤,soup.png,Soup,Soup,Horse,Red,d4cf5ce54e3475325aed489933077d1e,FALSE,FALSE,FALSE,FALSE
A,body,手,hand.png,Hand,Hand,Paper,Soup,d4cf5ce54e3475325aed489933077d1e,FALSE,FALSE,FALSE,FALSE
A,animals,马,horse.png,Horse,Horse,Hand,Lamp,d4cf5ce54e3475325aed489933077d1e,FALSE,FALSE,FALSE,FALSE
