set,category,character,filename,current_word,correct_word,create_md5_hash
A,furniture,灯,lamp.png,hand,lamp,0997121f9ad6079847add3ec37a0e5b5
A,fruit,茄,tomato.png,tomato,tomato,0997121f9ad6079847add3ec37a0e5b5
A,animals,马,horse.png,hand,horse,0997121f9ad6079847add3ec37a0e5b5
A,animals,马,horse.png,horse,horse,0997121f9ad6079847add3ec37a0e5b5
A,body,手,hand.png,tomato,hand,0997121f9ad6079847add3ec37a0e5b5
A,furniture,灯,lamp.png,island,lamp,0997121f9ad6079847add3ec37a0e5b5
A,fruit,茄,tomato.png,lamp,tomato,0997121f9ad6079847add3ec37a0e5b5
A,color,红,red.png,hand,red,0997121f9ad6079847add3ec37a0e5b5
A,furniture,灯,lamp.png,lamp,lamp,0997121f9ad6079847add3ec37a0e5b5
A,office,纸,paper.png,island,paper,0997121f9ad6079847add3ec37a0e5b5
A,foods,汤,soup.png,soup,soup,0997121f9ad6079847add3ec37a0e5b5
A,geography,岛,island.png,horse,island,0997121f9ad6079847add3ec37a0e5b5
A,geography,岛,island.png,island,island,0997121f9ad6079847add3ec37a0e5b5
A,color,红,red.png,tomato,red,0997121f9ad6079847add3ec37a0e5b5
A,foods,汤,soup.png,red,soup,0997121f9ad6079847add3ec37a0e5b5
A,office,纸,paper.png,paper,paper,0997121f9ad6079847add3ec37a0e5b5
A,animals,马,horse.png,lamp,horse,0997121f9ad6079847add3ec37a0e5b5
A,color,红,red.png,red,red,0997121f9ad6079847add3ec37a0e5b5
A,animals,马,horse.png,horse,horse,0997121f9ad6079847add3ec37a0e5b5
A,office,纸,paper.png,hand,paper,0997121f9ad6079847add3ec37a0e5b5
A,foods,汤,soup.png,paper,soup,0997121f9ad6079847add3ec37a0e5b5
A,body,手,hand.png,hand,hand,0997121f9ad6079847add3ec37a0e5b5
A,fruit,茄,tomato.png,tomato,tomato,0997121f9ad6079847add3ec37a0e5b5
A,body,手,hand.png,lamp,hand,0997121f9ad6079847add3ec37a0e5b5
A,geography,岛,island.png,island,island,0997121f9ad6079847add3ec37a0e5b5
A,body,手,hand.png,hand,hand,0997121f9ad6079847add3ec37a0e5b5
A,geography,岛,island.png,hand,island,0997121f9ad6079847add3ec37a0e5b5
A,furniture,灯,lamp.png,lamp,lamp,0997121f9ad6079847add3ec37a0e5b5
A,fruit,茄,tomato.png,island,tomato,0997121f9ad6079847add3ec37a0e5b5
A,office,纸,paper.png,paper,paper,0997121f9ad6079847add3ec37a0e5b5
A,color,红,red.png,red,red,0997121f9ad6079847add3ec37a0e5b5
A,foods,汤,soup.png,soup,soup,0997121f9ad6079847add3ec37a0e5b5
