set,category,character,filename,current_word,correct_word,incorrect1,incorrect2,create_md5_hash,current_eq_incorrect1,current_eq_incorrect2,correct_eq_incorrect1,correct_eq_incorrect2
A,fruit,茄,tomato.png,Tomato,Tomato,Hand,Lamp,f31455470bfa859b7285087b6ca8bd47,FALSE,FALSE,FALSE,FALSE
A,geography,岛,island.png,Tomato,Island,Lamp,Hand,f31455470bfa859b7285087b6ca8bd47,FALSE,FALSE,FALSE,FALSE
A,color,红,red.png,Paper,Red,Horse,Hand,f31455470bfa859b7285087b6ca8bd47,FALSE,FALSE,FALSE,FALSE
A,furniture,灯,lamp.png,Red,Lamp,Island,Hand,f31455470bfa859b7285087b6ca8bd47,FALSE,FALSE,FALSE,FALSE
A,animals,马,horse.png,Horse,Horse,Soup,Island,f31455470bfa859b7285087b6ca8bd47,FALSE,FALSE,FALSE,FALSE
A,foods,汤,soup.png,Soup,Soup,Lamp,Paper,f31455470bfa859b7285087b6ca8bd47,FALSE,FALSE,FALSE,FALSE
A,fruit,茄,tomato.png,Island,Tomato,Hand,Lamp,f31455470bfa859b7285087b6ca8bd47,FALSE,FALSE,FALSE,FALSE
A,office,纸,paper.png,Tomato,Paper,Red,Soup,f31455470bfa859b7285087b6ca8bd47,FALSE,FALSE,FALSE,FALSE
A,fruit,茄,tomato.png,Paper,Tomato,Soup,Red,f31455470bfa859b7285087b6ca8bd47,FALSE,FALSE,FALSE,FALSE
A,office,纸,paper.png,Hand,Paper,Island,Horse,f31455470bfa859b7285087b6ca8bd47,FALSE,FALSE,FALSE,FALSE
A,color,红,red.png,Island,Red,Tomato,Soup,f31455470bfa859b7285087b6ca8bd47,FALSE,FALSE,FALSE,FALSE
A,body,手,hand.png,Paper,Hand,Island,Lamp,f31455470bfa859b7285087b6ca8bd47,FALSE,FALSE,FALSE,FALSE
A,color,红,red.png,Red,Red,Island,Lamp,f31455470bfa859b7285087b6ca8bd47,FALSE,FALSE,FALSE,FALSE
A,fruit,茄,tomato.png,Tomato,Tomato,Paper,Soup,f31455470bfa859b7285087b6ca8bd47,FALSE,FALSE,FALSE,FALSE
A,geography,岛,island.png,Soup,Island,Red,Paper,f31455470bfa859b7285087b6ca8bd47,FALSE,FALSE,FALSE,FALSE
A,foods,汤,soup.png,Soup,Soup,Tomato,Horse,f31455470bfa859b7285087b6ca8bd47,FALSE,FALSE,FALSE,FALSE
A,body,手,hand.png,Hand,Hand,Soup,Lamp,f31455470bfa859b7285087b6ca8bd47,FALSE,FALSE,FALSE,FALSE
A,office,纸,paper.png,Paper,Paper,Tomato,Island,f31455470bfa859b7285087b6ca8bd47,FALSE,FALSE,FALSE,FALSE
A,animals,马,horse.png,Paper,Horse,Tomato,Red,f31455470bfa859b7285087b6ca8bd47,FALSE,FALSE,FALSE,FALSE
A,office,纸,paper.png,Paper,Paper,Red,Soup,f31455470bfa859b7285087b6ca8bd47,FALSE,FALSE,FALSE,FALSE
A,animals,马,horse.png,Horse,Horse,Lamp,Paper,f31455470bfa859b7285087b6ca8bd47,FALSE,FALSE,FALSE,FALSE
A,body,手,hand.png,Soup,Hand,Red,Tomato,f31455470bfa859b7285087b6ca8bd47,FALSE,FALSE,FALSE,FALSE
A,geography,岛,island.png,Island,Island,Tomato,Horse,f31455470bfa859b7285087b6ca8bd47,FALSE,FALSE,FALSE,FALSE
A,furniture,灯,lamp.png,Lamp,Lamp,Hand,Tomato,f31455470bfa859b7285087b6ca8bd47,FALSE,FALSE,FALSE,FALSE
A,furniture,灯,lamp.png,Lamp,Lamp,Red,Horse,f31455470bfa859b7285087b6ca8bd47,FALSE,FALSE,FALSE,FALSE
A,furniture,灯,lamp.png,Soup,Lamp,Horse,Tomato,f31455470bfa859b7285087b6ca8bd47,FALSE,FALSE,FALSE,FALSE
A,foods,汤,soup.png,Lamp,Soup,Tomato,Red,f31455470bfa859b7285087b6ca8bd47,FALSE,FALSE,FALSE,FALSE
A,body,手,hand.png,Hand,Hand,Red,Horse,f31455470bfa859b7285087b6ca8bd47,FALSE,FALSE,FALSE,FALSE
A,geography,岛,island.png,Island,Island,Soup,Hand,f31455470bfa859b7285087b6ca8bd47,FALSE,FALSE,FALSE,FALSE
A,color,红,red.png,Red,Red,Hand,Soup,f31455470bfa859b7285087b6ca8bd47,FALSE,FALSE,FALSE,FALSE
A,foods,汤,soup.png,Paper,Soup,Hand,Island,f31455470bfa859b7285087b6ca8bd47,FALSE,FALSE,FALSE,FALSE
A,animals,马,horse.png,Lamp,Horse,Hand,Island,f31455470bfa859b7285087b6ca8bd47,FALSE,FALSE,FALSE,FALSE
