set,category,character,filename,current_word,correct_word,incorrect1,incorrect2,create_md5_hash,current_eq_incorrect1,current_eq_incorrect2,correct_eq_incorrect1,correct_eq_incorrect2
A,geography,岛,island.png,Hand,Island,Soup,Red,c0648888e0073189919e1a502e5ec6dd,FALSE,FALSE,FALSE,FALSE
A,geography,岛,island.png,Tomato,Island,Lamp,Paper,c0648888e0073189919e1a502e5ec6dd,FALSE,FALSE,FALSE,FALSE
A,fruit,茄,tomato.png,Tomato,Tomato,Horse,Hand,c0648888e0073189919e1a502e5ec6dd,FALSE,FALSE,FALSE,FALSE
A,fruit,茄,tomato.png,Hand,Tomato,Horse,Soup,c0648888e0073189919e1a502e5ec6dd,FALSE,FALSE,FALSE,FALSE
A,fruit,茄,tomato.png,Tomato,Tomato,Lamp,Soup,c0648888e0073189919e1a502e5ec6dd,FALSE,FALSE,FALSE,FALSE
A,animals,马,horse.png,Hand,Horse,Soup,Tomato,c0648888e0073189919e1a502e5ec6dd,FALSE,FALSE,FALSE,FALSE
A,body,手,hand.png,Hand,Hand,Paper,Horse,c0648888e0073189919e1a502e5ec6dd,FALSE,FALSE,FALSE,FALSE
A,foods,汤,soup.png,Soup,Soup,Island,Horse,c0648888e0073189919e1a502e5ec6dd,FALSE,FALSE,FALSE,FALSE
A,color,红,red.png,Red,Red,Tomato,Lamp,c0648888e0073189919e1a502e5ec6dd,FALSE,FALSE,FALSE,FALSE
A,body,手,hand.png,Lamp,Hand,Soup,Tomato,c0648888e0073189919e1a502e5ec6dd,FALSE,FALSE,FALSE,FALSE
A,animals,马,horse.png,Horse,Horse,Paper,Lamp,c0648888e0073189919e1a502e5ec6dd,FALSE,FALSE,FALSE,FALSE
A,geography,岛,island.png,Island,Island,Horse,Tomato,c0648888e0073189919e1a502e5ec6dd,FALSE,FALSE,FALSE,FALSE
A,foods,汤,soup.png,Paper,Soup,Hand,Red,c0648888e0073189919e1a502e5ec6dd,FALSE,FALSE,FALSE,FALSE
A,animals,马,horse.png,Lamp,Horse,Paper,Red,c0648888e0073189919e1a502e5ec6dd,FALSE,FALSE,FALSE,FALSE
A,furniture,灯,lamp.png,Lamp,Lamp,Island,Hand,c0648888e0073189919e1a502e5ec6dd,FALSE,FALSE,FALSE,FALSE
A,color,红,red.png,Paper,Red,Soup,Hand,c0648888e0073189919e1a502e5ec6dd,FALSE,FALSE,FALSE,FALSE
A,furniture,灯,lamp.png,Soup,Lamp,Tomato,Paper,c0648888e0073189919e1a502e5ec6dd,FALSE,FALSE,FALSE,FALSE
A,office,纸,paper.png,Tomato,Paper,Hand,Red,c0648888e0073189919e1a502e5ec6dd,FALSE,FALSE,FALSE,FALSE
A,office,纸,paper.png,Lamp,Paper,Horse,Island,c0648888e0073189919e1a502e5ec6dd,FALSE,FALSE,FALSE,FALSE
A,color,红,red.png,Red,Red,Soup,Hand,c0648888e0073189919e1a502e5ec6dd,FALSE,FALSE,FALSE,FALSE
A,furniture,灯,lamp.png,Lamp,Lamp,Tomato,Soup,c0648888e0073189919e1a502e5ec6dd,FALSE,FALSE,FALSE,FALSE
A,foods,汤,soup.png,Horse,Soup,Island,Lamp,c0648888e0073189919e1a502e5ec6dd,FALSE,FALSE,FALSE,FALSE
A,foods,汤,soup.png,Soup,Soup,Red,Tomato,c0648888e0073189919e1a502e5ec6dd,FALSE,FALSE,FALSE,FALSE
A,color,红,red.png,Island,Red,Tomato,Horse,c0648888e0073189919e1a502e5ec6dd,FALSE,FALSE,FALSE,FALSE
A,furniture,灯,lamp.png,Red,Lamp,Horse,Hand,c0648888e0073189919e1a502e5ec6dd,FALSE,FALSE,FALSE,FALSE
A,body,手,hand.png,Horse,Hand,Red,Paper,c0648888e0073189919e1a502e5ec6dd,FALSE,FALSE,FALSE,FALSE
A,geography,岛,island.png,Island,Island,Paper,Hand,c0648888e0073189919e1a502e5ec6dd,FALSE,FALSE,FALSE,FALSE
A,body,手,hand.png,Hand,Hand,Red,Lamp,c0648888e0073189919e1a502e5ec6dd,FALSE,FALSE,FALSE,FALSE
A,office,纸,paper.png,Paper,Paper,Horse,Soup,c0648888e0073189919e1a502e5ec6dd,FALSE,FALSE,FALSE,FALSE
A,animals,马,horse.png,Horse,Horse,Red,Tomato,c0648888e0073189919e1a502e5ec6dd,FALSE,FALSE,FALSE,FALSE
A,fruit,茄,tomato.png,Paper,Tomato,Island,Red,c0648888e0073189919e1a502e5ec6dd,FALSE,FALSE,FALSE,FALSE
A,office,纸,paper.png,Paper,Paper,Red,Lamp,c0648888e0073189919e1a502e5ec6dd,FALSE,FALSE,FALSE,FALSE
