set,category,character,filename,current_word,correct_word,incorrect1,incorrect2,create_md5_hash,current_eq_incorrect1,current_eq_incorrect2,correct_eq_incorrect1,correct_eq_incorrect2
A,foods,汤,soup.png,Paper,Soup,Lamp,Island,cc44e64e07f6ba491acec37ee640c5f0,FALSE,FALSE,FALSE,FALSE
A,animals,马,horse.png,Horse,Horse,Paper,Lamp,cc44e64e07f6ba491acec37ee640c5f0,FALSE,FALSE,FALSE,FALSE
A,color,红,red.png,Red,Red,Soup,Hand,cc44e64e07f6ba491acec37ee640c5f0,FALSE,FALSE,FALSE,FALSE
A,body,手,hand.png,Hand,Hand,Soup,Tomato,cc44e64e07f6ba491acec37ee640c5f0,FALSE,FALSE,FALSE,FALSE
A,fruit,茄,tomato.png,Island,Tomato,Soup,Horse,cc44e64e07f6ba491acec37ee640c5f0,FALSE,FALSE,FALSE,FALSE
A,office,纸,paper.png,Lamp,Paper,Horse,Tomato,cc44e64e07f6ba491acec37ee640c5f0,FALSE,FALSE,FALSE,FALSE
A,fruit,茄,tomato.png,Tomato,Tomato,Horse,Soup,cc44e64e07f6ba491acec37ee640c5f0,FALSE,FALSE,FALSE,FALSE
A,furniture,灯,lamp.png,Island,Lamp,Paper,Red,cc44e64e07f6ba491acec37ee640c5f0,FALSE,FALSE,FALSE,FALSE
A,geography,岛,island.png,Lamp,Island,Red,Paper,cc44e64e07f6ba491acec37ee640c5f0,FALSE,FALSE,FALSE,FALSE
A,geography,岛,island.png,Island,Island,Tomato,Hand,cc44e64e07f6ba491acec37ee640c5f0,FALSE,FALSE,FALSE,FALSE
A,office,纸,paper.png,Paper,Paper,Hand,Lamp,cc44e64e07f6ba491acec37ee640c5f0,FALSE,FALSE,FALSE,FALSE
A,color,红,red.png,Soup,Red,Horse,Hand,cc44e64e07f6ba491acec37ee640c5f0,FALSE,FALSE,FALSE,FALSE
A,color,红,red.png,Red,Red,Island,Paper,cc44e64e07f6ba491acec37ee640c5f0,FALSE,FALSE,FALSE,FALSE
A,furniture,灯,lamp.png,Lamp,Lamp,Island,Hand,cc44e64e07f6ba491acec37ee640c5f0,FALSE,FALSE,FALSE,FALSE
A,fruit,茄,tomato.png,Tomato,Tomato,Hand,Red,cc44e64e07f6ba491acec37ee640c5f0,FALSE,FALSE,FALSE,FALSE
A,fruit,茄,tomato.png,Hand,Tomato,Red,Paper,cc44e64e07f6ba491acec37ee640c5f0,FALSE,FALSE,FALSE,FALSE
A,body,手,hand.png,Hand,Hand,Horse,Red,cc44e64e07f6ba491acec37ee640c5f0,FALSE,FALSE,FALSE,FALSE
A,foods,汤,soup.png,Soup,Soup,Paper,Red,cc44e64e07f6ba491acec37ee640c5f0,FALSE,FALSE,FALSE,FALSE
A,office,纸,paper.png,Island,Paper,Hand,Red,cc44e64e07f6ba491acec37ee640c5f0,FALSE,FALSE,FALSE,FALSE
A,foods,汤,soup.png,Tomato,Soup,Horse,Hand,cc44e64e07f6ba491acec37ee640c5f0,FALSE,FALSE,FALSE,FALSE
A,animals,马,horse.png,Hand,Horse,Red,Lamp,cc44e64e07f6ba491acec37ee640c5f0,FALSE,FALSE,FALSE,FALSE
A,furniture,灯,lamp.png,Lamp,Lamp,Red,Paper,cc44e64e07f6ba491acec37ee640c5f0,FALSE,FALSE,FALSE,FALSE
A,body,手,hand.png,Tomato,Hand,Paper,Red,cc44e64e07f6ba491acec37ee640c5f0,FALSE,FALSE,FALSE,FALSE
A,animals,马,horse.png,Tomato,Horse,Paper,Island,cc44e64e07f6ba491acec37ee640c5f0,FALSE,FALSE,FALSE,FALSE
A,geography,岛,island.png,Island,Island,Lamp,Horse,cc44e64e07f6ba491acec37ee640c5f0,FALSE,FALSE,FALSE,FALSE
A,body,手,hand.png,Horse,Hand,Island,Lamp,cc44e64e07f6ba491acec37ee640c5f0,FALSE,FALSE,FALSE,FALSE
A,foods,汤,soup.png,Soup,Soup,Lamp,Hand,cc44e64e07f6ba491acec37ee640c5f0,FALSE,FALSE,FALSE,FALSE
A,color,红,red.png,Island,Red,Tomato,Lamp,cc44e64e07f6ba491acec37ee640c5f0,FALSE,FALSE,FALSE,FALSE
A,animals,马,horse.png,Horse,Horse,Hand,Soup,cc44e64e07f6ba491acec37ee640c5f0,FALSE,FALSE,FALSE,FALSE
A,furniture,灯,lamp.png,Hand,Lamp,Horse,Tomato,cc44e64e07f6ba491acec37ee640c5f0,FALSE,FALSE,FALSE,FALSE
A,office,纸,paper.png,Paper,Paper,Red,Horse,cc44e64e07f6ba491acec37ee640c5f0,FALSE,FALSE,FALSE,FALSE
A,geography,岛,island.png,Soup,Island,Hand,Tomato,cc44e64e07f6ba491acec37ee640c5f0,FALSE,FALSE,FALSE,FALSE
