set,category,character,filename,current_word,correct_word,incorrect1,incorrect2,create_md5_hash,current_eq_incorrect1,current_eq_incorrect2,correct_eq_incorrect1,correct_eq_incorrect2
B,dairy,牙,milk.png,Learn,Milk,Shirt,Ice,53ec8d9eed46ed87308783ef9fdef0a1,FALSE,FALSE,FALSE,FALSE
B,atmosphere,月,moon.png,Shirt,Moon,Learn,Grandma,53ec8d9eed46ed87308783ef9fdef0a1,FALSE,FALSE,FALSE,FALSE
B,grains,饭,rice.png,Rice,Rice,Grandma,Milk,53ec8d9eed46ed87308783ef9fdef0a1,FALSE,FALSE,FALSE,FALSE
B,geology,冰,ice.png,Grandma,Ice,Milk,Moon,53ec8d9eed46ed87308783ef9fdef0a1,FALSE,FALSE,FALSE,FALSE
B,seasonal,冬,winter.png,Winter,Winter,Learn,Shirt,53ec8d9eed46ed87308783ef9fdef0a1,FALSE,FALSE,FALSE,FALSE
B,clothes,衫,shirt.png,Milk,Shirt,Grandma,Rice,53ec8d9eed46ed87308783ef9fdef0a1,FALSE,FALSE,FALSE,FALSE
B,atmosphere,月,moon.png,Milk,Moon,Ice,Rice,53ec8d9eed46ed87308783ef9fdef0a1,FALSE,FALSE,FALSE,FALSE
B,atmosphere,月,moon.png,Moon,Moon,Rice,Grandma,53ec8d9eed46ed87308783ef9fdef0a1,FALSE,FALSE,FALSE,FALSE
B,clothes,衫,shirt.png,Shirt,Shirt,Grandma,Ice,53ec8d9eed46ed87308783ef9fdef0a1,FALSE,FALSE,FALSE,FALSE
B,atmosphere,月,moon.png,Moon,Moon,Winter,Learn,53ec8d9eed46ed87308783ef9fdef0a1,FALSE,FALSE,FALSE,FALSE
B,seasonal,冬,winter.png,Milk,Winter,Ice,Learn,53ec8d9eed46ed87308783ef9fdef0a1,FALSE,FALSE,FALSE,FALSE
B,grains,饭,rice.png,Moon,Rice,Ice,Winter,53ec8d9eed46ed87308783ef9fdef0a1,FALSE,FALSE,FALSE,FALSE
B,dairy,牙,milk.png,Moon,Milk,Rice,Winter,53ec8d9eed46ed87308783ef9fdef0a1,FALSE,FALSE,FALSE,FALSE
B,dairy,牙,milk.png,Milk,Milk,Grandma,Rice,53ec8d9eed46ed87308783ef9fdef0a1,FALSE,FALSE,FALSE,FALSE
B,family,奶,grandma.png,Grandma,Grandma,Winter,Learn,53ec8d9eed46ed87308783ef9fdef0a1,FALSE,FALSE,FALSE,FALSE
B,actions,学,learn.png,Winter,Learn,Grandma,Ice,53ec8d9eed46ed87308783ef9fdef0a1,FALSE,FALSE,FALSE,FALSE
B,family,奶,grandma.png,Grandma,Grandma,Shirt,Moon,53ec8d9eed46ed87308783ef9fdef0a1,FALSE,FALSE,FALSE,FALSE
B,actions,学,learn.png,Rice,Learn,Moon,Milk,53ec8d9eed46ed87308783ef9fdef0a1,FALSE,FALSE,FALSE,FALSE
B,actions,学,learn.png,Learn,Learn,Shirt,Winter,53ec8d9eed46ed87308783ef9fdef0a1,FALSE,FALSE,FALSE,FALSE
B,grains,饭,rice.png,Rice,Rice,Winter,Moon,53ec8d9eed46ed87308783ef9fdef0a1,FALSE,FALSE,FALSE,FALSE
B,seasonal,冬,winter.png,Shirt,Winter,Grandma,Rice,53ec8d9eed46ed87308783ef9fdef0a1,FALSE,FALSE,FALSE,FALSE
B,dairy,牙,milk.png,Milk,Milk,Winter,Moon,53ec8d9eed46ed87308783ef9fdef0a1,FALSE,FALSE,FALSE,FALSE
B,family,奶,grandma.png,Learn,Grandma,Moon,Ice,53ec8d9eed46ed87308783ef9fdef0a1,FALSE,FALSE,FALSE,FALSE
B,geology,冰,ice.png,Winter,Ice,Learn,Shirt,53ec8d9eed46ed87308783ef9fdef0a1,FALSE,FALSE,FALSE,FALSE
B,grains,饭,rice.png,Shirt,Rice,Milk,Learn,53ec8d9eed46ed87308783ef9fdef0a1,FALSE,FALSE,FALSE,FALSE
B,clothes,衫,shirt.png,Shirt,Shirt,Milk,Moon,53ec8d9eed46ed87308783ef9fdef0a1,FALSE,FALSE,FALSE,FALSE
B,clothes,衫,shirt.png,Moon,Shirt,Winter,Ice,53ec8d9eed46ed87308783ef9fdef0a1,FALSE,FALSE,FALSE,FALSE
B,family,奶,grandma.png,Shirt,Grandma,Milk,Rice,53ec8d9eed46ed87308783ef9fdef0a1,FALSE,FALSE,FALSE,FALSE
B,geology,冰,ice.png,Ice,Ice,Rice,Grandma,53ec8d9eed46ed87308783ef9fdef0a1,FALSE,FALSE,FALSE,FALSE
B,actions,学,learn.png,Learn,Learn,Grandma,Milk,53ec8d9eed46ed87308783ef9fdef0a1,FALSE,FALSE,FALSE,FALSE
B,seasonal,冬,winter.png,Winter,Winter,Moon,Milk,53ec8d9eed46ed87308783ef9fdef0a1,FALSE,FALSE,FALSE,FALSE
B,geology,冰,ice.png,Ice,Ice,Shirt,Moon,53ec8d9eed46ed87308783ef9fdef0a1,FALSE,FALSE,FALSE,FALSE
