set,category,character,filename,current_word,correct_word,incorrect1,incorrect2,create_md5_hash,current_eq_incorrect1,current_eq_incorrect2,correct_eq_incorrect1,correct_eq_incorrect2
B,seasonal,冬,winter.png,Winter,Winter,Learn,Milk,5c79546a3ab2712eb3589b121e43e339,FALSE,FALSE,FALSE,FALSE
B,grains,饭,rice.png,Rice,Rice,Milk,Shirt,5c79546a3ab2712eb3589b121e43e339,FALSE,FALSE,FALSE,FALSE
B,actions,学,learn.png,Ice,Learn,Shirt,Rice,5c79546a3ab2712eb3589b121e43e339,FALSE,FALSE,FALSE,FALSE
B,family,奶,grandma.png,Grandma,Grandma,Winter,Ice,5c79546a3ab2712eb3589b121e43e339,FALSE,FALSE,FALSE,FALSE
B,dairy,牙,milk.png,Ice,Milk,Rice,Winter,5c79546a3ab2712eb3589b121e43e339,FALSE,FALSE,FALSE,FALSE
B,seasonal,冬,winter.png,Milk,Winter,Moon,Grandma,5c79546a3ab2712eb3589b121e43e339,FALSE,FALSE,FALSE,FALSE
B,dairy,牙,milk.png,Milk,Milk,Learn,Ice,5c79546a3ab2712eb3589b121e43e339,FALSE,FALSE,FALSE,FALSE
B,geology,冰,ice.png,Ice,Ice,Grandma,Learn,5c79546a3ab2712eb3589b121e43e339,FALSE,FALSE,FALSE,FALSE
B,actions,学,learn.png,Learn,Learn,Shirt,Milk,5c79546a3ab2712eb3589b121e43e339,FALSE,FALSE,FALSE,FALSE
B,atmosphere,月,moon.png,Moon,Moon,Learn,Winter,5c79546a3ab2712eb3589b121e43e339,FALSE,FALSE,FALSE,FALSE
B,clothes,衫,shirt.png,Winter,Shirt,Grandma,Rice,5c79546a3ab2712eb3589b121e43e339,FALSE,FALSE,FALSE,FALSE
B,grains,饭,rice.png,Grandma,Rice,Learn,Ice,5c79546a3ab2712eb3589b121e43e339,FALSE,FALSE,FALSE,FALSE
B,atmosphere,月,moon.png,Moon,Moon,Shirt,Rice,5c79546a3ab2712eb3589b121e43e339,FALSE,FALSE,FALSE,FALSE
B,dairy,牙,milk.png,Shirt,Milk,Moon,Learn,5c79546a3ab2712eb3589b121e43e339,FALSE,FALSE,FALSE,FALSE
B,atmosphere,月,moon.png,Winter,Moon,Milk,Grandma,5c79546a3ab2712eb3589b121e43e339,FALSE,FALSE,FALSE,FALSE
B,actions,学,learn.png,Learn,Learn,Rice,Ice,5c79546a3ab2712eb3589b121e43e339,FALSE,FALSE,FALSE,FALSE
B,actions,学,learn.png,Moon,Learn,Winter,Milk,5c79546a3ab2712eb3589b121e43e339,FALSE,FALSE,FALSE,FALSE
B,clothes,衫,shirt.png,Shirt,Shirt,Winter,Ice,5c79546a3ab2712eb3589b121e43e339,FALSE,FALSE,FALSE,FALSE
B,atmosphere,月,moon.png,Shirt,Moon,Learn,Rice,5c79546a3ab2712eb3589b121e43e339,FALSE,FALSE,FALSE,FALSE
B,clothes,衫,shirt.png,Shirt,Shirt,Milk,Grandma,5c79546a3ab2712eb3589b121e43e339,FALSE,FALSE,FALSE,FALSE
B,seasonal,冬,winter.png,Shirt,Winter,Ice,Learn,5c79546a3ab2712eb3589b121e43e339,FALSE,FALSE,FALSE,FALSE
B,family,奶,grandma.png,Rice,Grandma,Milk,Learn,5c79546a3ab2712eb3589b121e43e339,FALSE,FALSE,FALSE,FALSE
B,dairy,牙,milk.png,Milk,Milk,Moon,Winter,5c79546a3ab2712eb3589b121e43e339,FALSE,FALSE,FALSE,FALSE
B,geology,冰,ice.png,Winter,Ice,Milk,Rice,5c79546a3ab2712eb3589b121e43e339,FALSE,FALSE,FALSE,FALSE
B,seasonal,冬,winter.png,Winter,Winter,Rice,Grandma,5c79546a3ab2712eb3589b121e43e339,FALSE,FALSE,FALSE,FALSE
B,grains,饭,rice.png,Rice,Rice,Learn,Moon,5c79546a3ab2712eb3589b121e43e339,FALSE,FALSE,FALSE,FALSE
B,clothes,衫,shirt.png,Milk,Shirt,Moon,Learn,5c79546a3ab2712eb3589b121e43e339,FALSE,FALSE,FALSE,FALSE
B,family,奶,grandma.png,Ice,Grandma,Winter,Shirt,5c79546a3ab2712eb3589b121e43e339,FALSE,FALSE,FALSE,FALSE
B,grains,饭,rice.png,Milk,Rice,Moon,Shirt,5c79546a3ab2712eb3589b121e43e339,FALSE,FALSE,FALSE,FALSE
B,geology,冰,ice.png,Shirt,Ice,Learn,Grandma,5c79546a3ab2712eb3589b121e43e339,FALSE,FALSE,FALSE,FALSE
B,geology,冰,ice.png,Ice,Ice,Milk,Moon,5c79546a3ab2712eb3589b121e43e339,FALSE,FALSE,FALSE,FALSE
B,family,奶,grandma.png,Grandma,Grandma,Learn,Milk,5c79546a3ab2712eb3589b121e43e339,FALSE,FALSE,FALSE,FALSE
