set,category,character,filename,current_word,correct_word,incorrect1,incorrect2,create_md5_hash,current_eq_incorrect1,current_eq_incorrect2,correct_eq_incorrect1,correct_eq_incorrect2
B,atmosphere,月,moon.png,Moon,Moon,Milk,Winter,985cf479e0473c230ddaa561d75f471f,FALSE,FALSE,FALSE,FALSE
B,seasonal,冬,winter.png,Winter,Winter,Learn,Grandma,985cf479e0473c230ddaa561d75f471f,FALSE,FALSE,FALSE,FALSE
B,seasonal,冬,winter.png,Winter,Winter,Moon,Shirt,985cf479e0473c230ddaa561d75f471f,FALSE,FALSE,FALSE,FALSE
B,atmosphere,月,moon.png,Shirt,Moon,Milk,Grandma,985cf479e0473c230ddaa561d75f471f,FALSE,FALSE,FALSE,FALSE
B,family,奶,grandma.png,Grandma,Grandma,Milk,Ice,985cf479e0473c230ddaa561d75f471f,FALSE,FALSE,FALSE,FALSE
B,grains,饭,rice.png,Grandma,Rice,Learn,Shirt,985cf479e0473c230ddaa561d75f471f,FALSE,FALSE,FALSE,FALSE
B,dairy,牙,milk.png,Rice,Milk,Moon,Ice,985cf479e0473c230ddaa561d75f471f,FALSE,FALSE,FALSE,FALSE
B,family,奶,grandma.png,Grandma,Grandma,Rice,Learn,985cf479e0473c230ddaa561d75f471f,FALSE,FALSE,FALSE,FALSE
B,grains,饭,rice.png,Rice,Rice,Ice,Learn,985cf479e0473c230ddaa561d75f471f,FALSE,FALSE,FALSE,FALSE
B,actions,学,learn.png,Learn,Learn,Winter,Rice,985cf479e0473c230ddaa561d75f471f,FALSE,FALSE,FALSE,FALSE
B,seasonal,冬,winter.png,Grandma,Winter,Shirt,Moon,985cf479e0473c230ddaa561d75f471f,FALSE,FALSE,FALSE,FALSE
B,atmosphere,月,moon.png,Moon,Moon,Rice,Ice,985cf479e0473c230ddaa561d75f471f,FALSE,FALSE,FALSE,FALSE
B,clothes,衫,shirt.png,Winter,Shirt,Moon,Grandma,985cf479e0473c230ddaa561d75f471f,FALSE,FALSE,FALSE,FALSE
B,actions,学,learn.png,Rice,Learn,Milk,Ice,985cf479e0473c230ddaa561d75f471f,FALSE,FALSE,FALSE,FALSE
B,dairy,牙,milk.png,Milk,Milk,Winter,Shirt,985cf479e0473c230ddaa561d75f471f,FALSE,FALSE,FALSE,FALSE
B,dairy,牙,milk.png,Milk,Milk,Moon,Ice,985cf479e0473c230ddaa561d75f471f,FALSE,FALSE,FALSE,FALSE
B,dairy,牙,milk.png,Grandma,Milk,Shirt,Winter,985cf479e0473c230ddaa561d75f471f,FALSE,FALSE,FALSE,FALSE
B,geology,冰,ice.png,Ice,Ice,Milk,Winter,985cf479e0473c230ddaa561d75f471f,FALSE,FALSE,FALSE,FALSE
B,clothes,衫,shirt.png,Ice,Shirt,Learn,Milk,985cf479e0473c230ddaa561d75f471f,FALSE,FALSE,FALSE,FALSE
B,atmosphere,月,moon.png,Winter,Moon,Rice,Learn,985cf479e0473c230ddaa561d75f471f,FALSE,FALSE,FALSE,FALSE
B,grains,饭,rice.png,Moon,Rice,Winter,Milk,985cf479e0473c230ddaa561d75f471f,FALSE,FALSE,FALSE,FALSE
B,geology,冰,ice.png,Learn,Ice,Shirt,Winter,985cf479e0473c230ddaa561d75f471f,FALSE,FALSE,FALSE,FALSE
B,grains,饭,rice.png,Rice,Rice,Grandma,Milk,985cf479e0473c230ddaa561d75f471f,FALSE,FALSE,FALSE,FALSE
B,seasonal,冬,winter.png,Rice,Winter,Learn,Ice,985cf479e0473c230ddaa561d75f471f,FALSE,FALSE,FALSE,FALSE
B,actions,学,learn.png,Moon,Learn,Shirt,Winter,985cf479e0473c230ddaa561d75f471f,FALSE,FALSE,FALSE,FALSE
B,family,奶,grandma.png,Learn,Grandma,Ice,Milk,985cf479e0473c230ddaa561d75f471f,FALSE,FALSE,FALSE,FALSE
B,geology,冰,ice.png,Milk,Ice,Moon,Rice,985cf479e0473c230ddaa561d75f471f,FALSE,FALSE,FALSE,FALSE
B,clothes,衫,shirt.png,Shirt,Shirt,Winter,Milk,985cf479e0473c230ddaa561d75f471f,FALSE,FALSE,FALSE,FALSE
B,clothes,衫,shirt.png,Shirt,Shirt,Grandma,Ice,985cf479e0473c230ddaa561d75f471f,FALSE,FALSE,FALSE,FALSE
B,family,奶,grandma.png,Winter,Grandma,Moon,Rice,985cf479e0473c230ddaa561d75f471f,FALSE,FALSE,FALSE,FALSE
B,geology,冰,ice.png,Ice,Ice,Grandma,Rice,985cf479e0473c230ddaa561d75f471f,FALSE,FALSE,FALSE,FALSE
B,actions,学,learn.png,Learn,Learn,Milk,Ice,985cf479e0473c230ddaa561d75f471f,FALSE,FALSE,FALSE,FALSE
