set,category,character,filename,current_word,correct_word,incorrect1,incorrect2,create_md5_hash,current_eq_incorrect1,current_eq_incorrect2,correct_eq_incorrect1,correct_eq_incorrect2
B,clothes,衫,shirt.png,Rice,Shirt,Ice,Moon,5808c868b46ee8181fb471305d3837a6,FALSE,FALSE,FALSE,FALSE
B,atmosphere,月,moon.png,Shirt,Moon,Grandma,Milk,5808c868b46ee8181fb471305d3837a6,FALSE,FALSE,FALSE,FALSE
B,actions,学,learn.png,Learn,Learn,Ice,Milk,5808c868b46ee8181fb471305d3837a6,FALSE,FALSE,FALSE,FALSE
B,family,奶,grandma.png,Rice,Grandma,Shirt,Learn,5808c868b46ee8181fb471305d3837a6,FALSE,FALSE,FALSE,FALSE
B,geology,冰,ice.png,Ice,Ice,Grandma,Shirt,5808c868b46ee8181fb471305d3837a6,FALSE,FALSE,FALSE,FALSE
B,seasonal,冬,winter.png,Winter,Winter,Shirt,Ice,5808c868b46ee8181fb471305d3837a6,FALSE,FALSE,FALSE,FALSE
B,seasonal,冬,winter.png,Moon,Winter,Learn,Shirt,5808c868b46ee8181fb471305d3837a6,FALSE,FALSE,FALSE,FALSE
B,seasonal,冬,winter.png,Ice,Winter,Grandma,Rice,5808c868b46ee8181fb471305d3837a6,FALSE,FALSE,FALSE,FALSE
B,clothes,衫,shirt.png,Shirt,Shirt,Grandma,Rice,5808c868b46ee8181fb471305d3837a6,FALSE,FALSE,FALSE,FALSE
B,geology,冰,ice.png,Moon,Ice,Shirt,Learn,5808c868b46ee8181fb471305d3837a6,FALSE,FALSE,FALSE,FALSE
B,atmosphere,月,moon.png,Moon,Moon,Grandma,Ice,5808c868b46ee8181fb471305d3837a6,FALSE,FALSE,FALSE,FALSE
B,geology,冰,ice.png,Ice,Ice,Learn,Winter,5808c868b46ee8181fb471305d3837a6,FALSE,FALSE,FALSE,FALSE
B,geology,冰,ice.png,Milk,Ice,Winter,Rice,5808c868b46ee8181fb471305d3837a6,FALSE,FALSE,FALSE,FALSE
B,clothes,衫,shirt.png,Milk,Shirt,Grandma,Learn,5808c868b46ee8181fb471305d3837a6,FALSE,FALSE,FALSE,FALSE
B,grains,饭,rice.png,Moon,Rice,Learn,Ice,5808c868b46ee8181fb471305d3837a6,FALSE,FALSE,FALSE,FALSE
B,family,奶,grandma.png,Grandma,Grandma,Learn,Shirt,5808c868b46ee8181fb471305d3837a6,FALSE,FALSE,FALSE,FALSE
B,seasonal,冬,winter.png,Winter,Winter,Learn,Grandma,5808c868b46ee8181fb471305d3837a6,FALSE,FALSE,FALSE,FALSE
B,family,奶,grandma.png,Milk,Grandma,Moon,Winter,5808c868b46ee8181fb471305d3837a6,FALSE,FALSE,FALSE,FALSE
B,actions,学,learn.png,Learn,Learn,Winter,Moon,5808c868b46ee8181fb471305d3837a6,FALSE,FALSE,FALSE,FALSE
B,grains,饭,rice.png,Rice,Rice,Milk,Winter,5808c868b46ee8181fb471305d3837a6,FALSE,FALSE,FALSE,FALSE
B,dairy,牙,milk.png,Milk,Milk,Ice,Grandma,5808c868b46ee8181fb471305d3837a6,FALSE,FALSE,FALSE,FALSE
B,dairy,牙,milk.png,Moon,Milk,Shirt,Grandma,5808c868b46ee8181fb471305d3837a6,FALSE,FALSE,FALSE,FALSE
B,dairy,牙,milk.png,Milk,Milk,Shirt,Learn,5808c868b46ee8181fb471305d3837a6,FALSE,FALSE,FALSE,FALSE
B,family,奶,grandma.png,Grandma,Grandma,Moon,Winter,5808c868b46ee8181fb471305d3837a6,FALSE,FALSE,FALSE,FALSE
B,dairy,牙,milk.png,Winter,Milk,Rice,Learn,5808c868b46ee8181fb471305d3837a6,FALSE,FALSE,FALSE,FALSE
B,atmosphere,月,moon.png,Moon,Moon,Milk,Learn,5808c868b46ee8181fb471305d3837a6,FALSE,FALSE,FALSE,FALSE
B,grains,饭,rice.png,Rice,Rice,Moon,Ice,5808c868b46ee8181fb471305d3837a6,FALSE,FALSE,FALSE,FALSE
B,actions,学,learn.png,Moon,Learn,Ice,Shirt,5808c868b46ee8181fb471305d3837a6,FALSE,FALSE,FALSE,FALSE
B,clothes,衫,shirt.png,Shirt,Shirt,Ice,Milk,5808c868b46ee8181fb471305d3837a6,FALSE,FALSE,FALSE,FALSE
B,actions,学,learn.png,Winter,Learn,Milk,Grandma,5808c868b46ee8181fb471305d3837a6,FALSE,FALSE,FALSE,FALSE
B,grains,饭,rice.png,Milk,Rice,Grandma,Winter,5808c868b46ee8181fb471305d3837a6,FALSE,FALSE,FALSE,FALSE
B,atmosphere,月,moon.png,Ice,Moon,Learn,Winter,5808c868b46ee8181fb471305d3837a6,FALSE,FALSE,FALSE,FALSE
