set,category,character,filename,current_word,correct_word,incorrect1,incorrect2,create_md5_hash,current_eq_incorrect1,current_eq_incorrect2,correct_eq_incorrect1,correct_eq_incorrect2
B,clothes,衫,shirt.png,Shirt,Shirt,Moon,Learn,eb5b69fde0b92c48f82c46c093c27bad,FALSE,FALSE,FALSE,FALSE
B,dairy,牙,milk.png,Milk,Milk,Rice,Moon,eb5b69fde0b92c48f82c46c093c27bad,FALSE,FALSE,FALSE,FALSE
B,dairy,牙,milk.png,Milk,Milk,Winter,Learn,eb5b69fde0b92c48f82c46c093c27bad,FALSE,FALSE,FALSE,FALSE
B,seasonal,冬,winter.png,Milk,Winter,Learn,Ice,eb5b69fde0b92c48f82c46c093c27bad,FALSE,FALSE,FALSE,FALSE
B,family,奶,grandma.png,Grandma,Grandma,Ice,Moon,eb5b69fde0b92c48f82c46c093c27bad,FALSE,FALSE,FALSE,FALSE
B,atmosphere,月,moon.png,Grandma,Moon,Milk,Shirt,eb5b69fde0b92c48f82c46c093c27bad,FALSE,FALSE,FALSE,FALSE
B,geology,冰,ice.png,Ice,Ice,Moon,Rice,eb5b69fde0b92c48f82c46c093c27bad,FALSE,FALSE,FALSE,FALSE
B,atmosphere,月,moon.png,Moon,Moon,Rice,Milk,eb5b69fde0b92c48f82c46c093c27bad,FALSE,FALSE,FALSE,FALSE
B,grains,饭,rice.png,Winter,Rice,Ice,Shirt,eb5b69fde0b92c48f82c46c093c27bad,FALSE,FALSE,FALSE,FALSE
B,family,奶,grandma.png,Milk,Grandma,Shirt,Rice,eb5b69fde0b92c48f82c46c093c27bad,FALSE,FALSE,FALSE,FALSE
B,dairy,牙,milk.png,Shirt,Milk,Rice,Ice,eb5b69fde0b92c48f82c46c093c27bad,FALSE,FALSE,FALSE,FALSE
B,geology,冰,ice.png,Milk,Ice,Winter,Shirt,eb5b69fde0b92c48f82c46c093c27bad,FALSE,FALSE,FALSE,FALSE
B,seasonal,冬,winter.png,Winter,Winter,Milk,Learn,eb5b69fde0b92c48f82c46c093c27bad,FALSE,FALSE,FALSE,FALSE
B,dairy,牙,milk.png,Grandma,Milk,Winter,Learn,eb5b69fde0b92c48f82c46c093c27bad,FALSE,FALSE,FALSE,FALSE
B,family,奶,grandma.png,Learn,Grandma,Winter,Moon,eb5b69fde0b92c48f82c46c093c27bad,FALSE,FALSE,FALSE,FALSE
B,grains,饭,rice.png,Rice,Rice,Moon,Winter,eb5b69fde0b92c48f82c46c093c27bad,FALSE,FALSE,FALSE,FALSE
B,atmosphere,月,moon.png,Moon,Moon,Winter,Grandma,eb5b69fde0b92c48f82c46c093c27bad,FALSE,FALSE,FALSE,FALSE
B,geology,冰,ice.png,Ice,Ice,Learn,Winter,eb5b69fde0b92c48f82c46c093c27bad,FALSE,FALSE,FALSE,FALSE
B,actions,学,learn.png,Learn,Learn,Moon,Grandma,eb5b69fde0b92c48f82c46c093c27bad,FALSE,FALSE,FALSE,FALSE
B,actions,学,learn.png,Winter,Learn,Grandma,Milk,eb5b69fde0b92c48f82c46c093c27bad,FALSE,FALSE,FALSE,FALSE
B,grains,饭,rice.png,Rice,Rice,Grandma,Ice,eb5b69fde0b92c48f82c46c093c27bad,FALSE,FALSE,FALSE,FALSE
B,actions,学,learn.png,Ice,Learn,Shirt,Moon,eb5b69fde0b92c48f82c46c093c27bad,FALSE,FALSE,FALSE,FALSE
B,seasonal,冬,winter.png,Winter,Winter,Ice,Shirt,eb5b69fde0b92c48f82c46c093c27bad,FALSE,FALSE,FALSE,FALSE
B,clothes,衫,shirt.png,Grandma,Shirt,Ice,Rice,eb5b69fde0b92c48f82c46c093c27bad,FALSE,FALSE,FALSE,FALSE
B,clothes,衫,shirt.png,Shirt,Shirt,Winter,Grandma,eb5b69fde0b92c48f82c46c093c27bad,FALSE,FALSE,FALSE,FALSE
B,family,奶,grandma.png,Grandma,Grandma,Winter,Milk,eb5b69fde0b92c48f82c46c093c27bad,FALSE,FALSE,FALSE,FALSE
B,clothes,衫,shirt.png,Moon,Shirt,Winter,Milk,eb5b69fde0b92c48f82c46c093c27bad,FALSE,FALSE,FALSE,FALSE
B,seasonal,冬,winter.png,Moon,Winter,Rice,Shirt,eb5b69fde0b92c48f82c46c093c27bad,FALSE,FALSE,FALSE,FALSE
B,grains,饭,rice.png,Milk,Rice,Learn,Grandma,eb5b69fde0b92c48f82c46c093c27bad,FALSE,FALSE,FALSE,FALSE
B,geology,冰,ice.png,Moon,Ice,Rice,Learn,eb5b69fde0b92c48f82c46c093c27bad,FALSE,FALSE,FALSE,FALSE
B,atmosphere,月,moon.png,Ice,Moon,Rice,Winter,eb5b69fde0b92c48f82c46c093c27bad,FALSE,FALSE,FALSE,FALSE
B,actions,学,learn.png,Learn,Learn,Shirt,Ice,eb5b69fde0b92c48f82c46c093c27bad,FALSE,FALSE,FALSE,FALSE
