set,category,character,filename,current_word,correct_word,incorrect1,incorrect2,create_md5_hash,current_eq_incorrect1,current_eq_incorrect2,correct_eq_incorrect1,correct_eq_incorrect2
B,atmosphere,月,moon.png,Grandma,Moon,Milk,Shirt,ff3dc83b19d64088250f22849cce18e2,FALSE,FALSE,FALSE,FALSE
B,actions,学,learn.png,Learn,Learn,Rice,Moon,ff3dc83b19d64088250f22849cce18e2,FALSE,FALSE,FALSE,FALSE
B,actions,学,learn.png,Learn,Learn,Milk,Ice,ff3dc83b19d64088250f22849cce18e2,FALSE,FALSE,FALSE,FALSE
B,seasonal,冬,winter.png,Ice,Winter,Milk,Shirt,ff3dc83b19d64088250f22849cce18e2,FALSE,FALSE,FALSE,FALSE
B,clothes,衫,shirt.png,Shirt,Shirt,Grandma,Rice,ff3dc83b19d64088250f22849cce18e2,FALSE,FALSE,FALSE,FALSE
B,grains,饭,rice.png,Shirt,Rice,Ice,Milk,ff3dc83b19d64088250f22849cce18e2,FALSE,FALSE,FALSE,FALSE
B,clothes,衫,shirt.png,Grandma,Shirt,Rice,Learn,ff3dc83b19d64088250f22849cce18e2,FALSE,FALSE,FALSE,FALSE
B,seasonal,冬,winter.png,Winter,Winter,Grandma,Moon,ff3dc83b19d64088250f22849cce18e2,FALSE,FALSE,FALSE,FALSE
B,atmosphere,月,moon.png,Learn,Moon,Rice,Winter,ff3dc83b19d64088250f22849cce18e2,FALSE,FALSE,FALSE,FALSE
B,geology,冰,ice.png,Ice,Ice,Winter,Learn,ff3dc83b19d64088250f22849cce18e2,FALSE,FALSE,FALSE,FALSE
B,clothes,衫,shirt.png,Shirt,Shirt,Learn,Ice,ff3dc83b19d64088250f22849cce18e2,FALSE,FALSE,FALSE,FALSE
B,dairy,牙,milk.png,Milk,Milk,Moon,Learn,ff3dc83b19d64088250f22849cce18e2,FALSE,FALSE,FALSE,FALSE
B,geology,冰,ice.png,Learn,Ice,Rice,Grandma,ff3dc83b19d64088250f22849cce18e2,FALSE,FALSE,FALSE,FALSE
B,grains,饭,rice.png,Rice,Rice,Learn,Grandma,ff3dc83b19d64088250f22849cce18e2,FALSE,FALSE,FALSE,FALSE
B,geology,冰,ice.png,Ice,Ice,Grandma,Shirt,ff3dc83b19d64088250f22849cce18e2,FALSE,FALSE,FALSE,FALSE
B,family,奶,grandma.png,Milk,Grandma,Learn,Shirt,ff3dc83b19d64088250f22849cce18e2,FALSE,FALSE,FALSE,FALSE
B,dairy,牙,milk.png,Learn,Milk,Ice,Winter,ff3dc83b19d64088250f22849cce18e2,FALSE,FALSE,FALSE,FALSE
B,family,奶,grandma.png,Grandma,Grandma,Moon,Winter,ff3dc83b19d64088250f22849cce18e2,FALSE,FALSE,FALSE,FALSE
B,actions,学,learn.png,Ice,Learn,Winter,Grandma,ff3dc83b19d64088250f22849cce18e2,FALSE,FALSE,FALSE,FALSE
B,seasonal,冬,winter.png,Winter,Winter,Milk,Ice,ff3dc83b19d64088250f22849cce18e2,FALSE,FALSE,FALSE,FALSE
B,seasonal,冬,winter.png,Learn,Winter,Moon,Grandma,ff3dc83b19d64088250f22849cce18e2,FALSE,FALSE,FALSE,FALSE
B,dairy,牙,milk.png,Milk,Milk,Rice,Shirt,ff3dc83b19d64088250f22849cce18e2,FALSE,FALSE,FALSE,FALSE
B,actions,学,learn.png,Shirt,Learn,Moon,Rice,ff3dc83b19d64088250f22849cce18e2,FALSE,FALSE,FALSE,FALSE
B,dairy,牙,milk.png,Moon,Milk,Rice,Grandma,ff3dc83b19d64088250f22849cce18e2,FALSE,FALSE,FALSE,FALSE
B,clothes,衫,shirt.png,Moon,Shirt,Milk,Ice,ff3dc83b19d64088250f22849cce18e2,FALSE,FALSE,FALSE,FALSE
B,family,奶,grandma.png,Grandma,Grandma,Ice,Rice,ff3dc83b19d64088250f22849cce18e2,FALSE,FALSE,FALSE,FALSE
B,grains,饭,rice.png,Moon,Rice,Grandma,Learn,ff3dc83b19d64088250f22849cce18e2,FALSE,FALSE,FALSE,FALSE
B,atmosphere,月,moon.png,Moon,Moon,Ice,Rice,ff3dc83b19d64088250f22849cce18e2,FALSE,FALSE,FALSE,FALSE
B,geology,冰,ice.png,Winter,Ice,Shirt,Moon,ff3dc83b19d64088250f22849cce18e2,FALSE,FALSE,FALSE,FALSE
B,grains,饭,rice.png,Rice,Rice,Moon,Ice,ff3dc83b19d64088250f22849cce18e2,FALSE,FALSE,FALSE,FALSE
B,atmosphere,月,moon.png,Moon,Moon,Grandma,Winter,ff3dc83b19d64088250f22849cce18e2,FALSE,FALSE,FALSE,FALSE
B,family,奶,grandma.png,Winter,Grandma,Rice,Ice,ff3dc83b19d64088250f22849cce18e2,FALSE,FALSE,FALSE,FALSE
