set,category,character,filename,current_word,correct_word,incorrect1,incorrect2,create_md5_hash,current_eq_incorrect1,current_eq_incorrect2,correct_eq_incorrect1,correct_eq_incorrect2
B,geology,冰,ice.png,Ice,Ice,Learn,Milk,27a24112bea68697e912e9033c085fcc,FALSE,FALSE,FALSE,FALSE
B,dairy,牙,milk.png,Milk,Milk,Rice,Learn,27a24112bea68697e912e9033c085fcc,FALSE,FALSE,FALSE,FALSE
B,seasonal,冬,winter.png,Winter,Winter,Ice,Moon,27a24112bea68697e912e9033c085fcc,FALSE,FALSE,FALSE,FALSE
B,geology,冰,ice.png,Shirt,Ice,Winter,Learn,27a24112bea68697e912e9033c085fcc,FALSE,FALSE,FALSE,FALSE
B,dairy,牙,milk.png,Milk,Milk,Ice,Grandma,27a24112bea68697e912e9033c085fcc,FALSE,FALSE,FALSE,FALSE
B,family,奶,grandma.png,Moon,Grandma,Ice,Winter,27a24112bea68697e912e9033c085fcc,FALSE,FALSE,FALSE,FALSE
B,geology,冰,ice.png,Grandma,Ice,Moon,Rice,27a24112bea68697e912e9033c085fcc,FALSE,FALSE,FALSE,FALSE
B,family,奶,grandma.png,Grandma,Grandma,Ice,Moon,27a24112bea68697e912e9033c085fcc,FALSE,FALSE,FALSE,FALSE
B,clothes,衫,shirt.png,Shirt,Shirt,Ice,Winter,27a24112bea68697e912e9033c085fcc,FALSE,FALSE,FALSE,FALSE
B,atmosphere,月,moon.png,Shirt,Moon,Milk,Rice,27a24112bea68697e912e9033c085fcc,FALSE,FALSE,FALSE,FALSE
B,clothes,衫,shirt.png,Moon,Shirt,Milk,Ice,27a24112bea68697e912e9033c085fcc,FALSE,FALSE,FALSE,FALSE
B,actions,学,learn.png,Learn,Learn,Rice,Ice,27a24112bea68697e912e9033c085fcc,FALSE,FALSE,FALSE,FALSE
B,clothes,衫,shirt.png,Shirt,Shirt,Grandma,Learn,27a24112bea68697e912e9033c085fcc,FALSE,FALSE,FALSE,FALSE
B,grains,饭,rice.png,Rice,Rice,Winter,Shirt,27a24112bea68697e912e9033c085fcc,FALSE,FALSE,FALSE,FALSE
B,dairy,牙,milk.png,Grandma,Milk,Learn,Moon,27a24112bea68697e912e9033c085fcc,FALSE,FALSE,FALSE,FALSE
B,actions,学,learn.png,Grandma,Learn,Milk,Winter,27a24112bea68697e912e9033c085fcc,FALSE,FALSE,FALSE,FALSE
B,seasonal,冬,winter.png,Rice,Winter,Grandma,Learn,27a24112bea68697e912e9033c085fcc,FALSE,FALSE,FALSE,FALSE
B,grains,饭,rice.png,Winter,Rice,Grandma,Learn,27a24112bea68697e912e9033c085fcc,FALSE,FALSE,FALSE,FALSE
B,seasonal,冬,winter.png,Winter,Winter,Grandma,Milk,27a24112bea68697e912e9033c085fcc,FALSE,FALSE,FALSE,FALSE
B,atmosphere,月,moon.png,Moon,Moon,Milk,Ice,27a24112bea68697e912e9033c085fcc,FALSE,FALSE,FALSE,FALSE
B,clothes,衫,shirt.png,Grandma,Shirt,Learn,Winter,27a24112bea68697e912e9033c085fcc,FALSE,FALSE,FALSE,FALSE
B,family,奶,grandma.png,Rice,Grandma,Shirt,Milk,27a24112bea68697e912e9033c085fcc,FALSE,FALSE,FALSE,FALSE
B,grains,饭,rice.png,Rice,Rice,Learn,Moon,27a24112bea68697e912e9033c085fcc,FALSE,FALSE,FALSE,FALSE
B,dairy,牙,milk.png,Winter,Milk,Rice,Shirt,27a24112bea68697e912e9033c085fcc,FALSE,FALSE,FALSE,FALSE
B,grains,饭,rice.png,Milk,Rice,Ice,Shirt,27a24112bea68697e912e9033c085fcc,FALSE,FALSE,FALSE,FALSE
B,geology,冰,ice.png,Ice,Ice,Rice,Grandma,27a24112bea68697e912e9033c085fcc,FALSE,FALSE,FALSE,FALSE
B,seasonal,冬,winter.png,Milk,Winter,Ice,Shirt,27a24112bea68697e912e9033c085fcc,FALSE,FALSE,FALSE,FALSE
B,family,奶,grandma.png,Grandma,Grandma,Winter,Shirt,27a24112bea68697e912e9033c085fcc,FALSE,FALSE,FALSE,FALSE
B,atmosphere,月,moon.png,Moon,Moon,Winter,Learn,27a24112bea68697e912e9033c085fcc,FALSE,FALSE,FALSE,FALSE
B,actions,学,learn.png,Moon,Learn,Shirt,Rice,27a24112bea68697e912e9033c085fcc,FALSE,FALSE,FALSE,FALSE
B,actions,学,learn.png,Learn,Learn,Winter,Shirt,27a24112bea68697e912e9033c085fcc,FALSE,FALSE,FALSE,FALSE
B,atmosphere,月,moon.png,Learn,Moon,Grandma,Ice,27a24112bea68697e912e9033c085fcc,FALSE,FALSE,FALSE,FALSE
