set,category,character,filename,current_word,correct_word,incorrect1,incorrect2,create_md5_hash,current_eq_incorrect1,current_eq_incorrect2,correct_eq_incorrect1,correct_eq_incorrect2
B,seasonal,冬,winter.png,Winter,Winter,Moon,Learn,2566146d1c877d495905c706a13a1b8a,FALSE,FALSE,FALSE,FALSE
B,geology,冰,ice.png,Learn,Ice,Moon,Grandma,2566146d1c877d495905c706a13a1b8a,FALSE,FALSE,FALSE,FALSE
B,clothes,衫,shirt.png,Ice,Shirt,Rice,Winter,2566146d1c877d495905c706a13a1b8a,FALSE,FALSE,FALSE,FALSE
B,geology,冰,ice.png,Ice,Ice,Learn,Shirt,2566146d1c877d495905c706a13a1b8a,FALSE,FALSE,FALSE,FALSE
B,actions,学,learn.png,Learn,Learn,Shirt,Moon,2566146d1c877d495905c706a13a1b8a,FALSE,FALSE,FALSE,FALSE
B,seasonal,冬,winter.png,Learn,Winter,Shirt,Rice,2566146d1c877d495905c706a13a1b8a,FALSE,FALSE,FALSE,FALSE
B,atmosphere,月,moon.png,Learn,Moon,Shirt,Winter,2566146d1c877d495905c706a13a1b8a,FALSE,FALSE,FALSE,FALSE
B,dairy,牙,milk.png,Milk,Milk,Ice,Grandma,2566146d1c877d495905c706a13a1b8a,FALSE,FALSE,FALSE,FALSE
B,dairy,牙,milk.png,Milk,Milk,Rice,Shirt,2566146d1c877d495905c706a13a1b8a,FALSE,FALSE,FALSE,FALSE
B,actions,学,learn.png,Winter,Learn,Grandma,Rice,2566146d1c877d495905c706a13a1b8a,FALSE,FALSE,FALSE,FALSE
B,actions,学,learn.png,Ice,Learn,Moon,Milk,2566146d1c877d495905c706a13a1b8a,FALSE,FALSE,FALSE,FALSE
B,actions,学,learn.png,Learn,Learn,Rice,Winter,2566146d1c877d495905c706a13a1b8a,FALSE,FALSE,FALSE,FALSE
B,seasonal,冬,winter.png,Milk,Winter,Grandma,Moon,2566146d1c877d495905c706a13a1b8a,FALSE,FALSE,FALSE,FALSE
B,grains,饭,rice.png,Rice,Rice,Ice,Moon,2566146d1c877d495905c706a13a1b8a,FALSE,FALSE,FALSE,FALSE
B,clothes,衫,shirt.png,Shirt,Shirt,Milk,Ice,2566146d1c877d495905c706a13a1b8a,FALSE,FALSE,FALSE,FALSE
B,geology,冰,ice.png,Ice,Ice,Milk,Winter,2566146d1c877d495905c706a13a1b8a,FALSE,FALSE,FALSE,FALSE
B,atmosphere,月,moon.png,Moon,Moon,Ice,Grandma,2566146d1c877d495905c706a13a1b8a,FALSE,FALSE,FALSE,FALSE
B,family,奶,grandma.png,Grandma,Grandma,Winter,Moon,2566146d1c877d495905c706a13a1b8a,FALSE,FALSE,FALSE,FALSE
B,family,奶,grandma.png,Grandma,Grandma,Learn,Milk,2566146d1c877d495905c706a13a1b8a,FALSE,FALSE,FALSE,FALSE
B,clothes,衫,shirt.png,Moon,Shirt,Milk,Learn,2566146d1c877d495905c706a13a1b8a,FALSE,FALSE,FALSE,FALSE
B,dairy,牙,milk.png,Moon,Milk,Shirt,Grandma,2566146d1c877d495905c706a13a1b8a,FALSE,FALSE,FALSE,FALSE
B,grains,饭,rice.png,Shirt,Rice,Learn,Moon,2566146d1c877d495905c706a13a1b8a,FALSE,FALSE,FALSE,FALSE
B,family,奶,grandma.png,Milk,Grandma,Rice,Winter,2566146d1c877d495905c706a13a1b8a,FALSE,FALSE,FALSE,FALSE
B,grains,饭,rice.png,Milk,Rice,Grandma,Winter,2566146d1c877d495905c706a13a1b8a,FALSE,FALSE,FALSE,FALSE
B,family,奶,grandma.png,Moon,Grandma,Shirt,Learn,2566146d1c877d495905c706a13a1b8a,FALSE,FALSE,FALSE,FALSE
B,geology,冰,ice.png,Milk,Ice,Winter,Shirt,2566146d1c877d495905c706a13a1b8a,FALSE,FALSE,FALSE,FALSE
B,clothes,衫,shirt.png,Shirt,Shirt,Moon,Grandma,2566146d1c877d495905c706a13a1b8a,FALSE,FALSE,FALSE,FALSE
B,atmosphere,月,moon.png,Milk,Moon,Grandma,Rice,2566146d1c877d495905c706a13a1b8a,FALSE,FALSE,FALSE,FALSE
B,atmosphere,月,moon.png,Moon,Moon,Shirt,Learn,2566146d1c877d495905c706a13a1b8a,FALSE,FALSE,FALSE,FALSE
B,grains,饭,rice.png,Rice,Rice,Learn,Milk,2566146d1c877d495905c706a13a1b8a,FALSE,FALSE,FALSE,FALSE
B,dairy,牙,milk.png,Rice,Milk,Ice,Learn,2566146d1c877d495905c706a13a1b8a,FALSE,FALSE,FALSE,FALSE
B,seasonal,冬,winter.png,Winter,Winter,Ice,Shirt,2566146d1c877d495905c706a13a1b8a,FALSE,FALSE,FALSE,FALSE
