set,category,character,filename,current_word,correct_word,incorrect1,incorrect2,create_md5_hash,current_eq_incorrect1,current_eq_incorrect2,correct_eq_incorrect1,correct_eq_incorrect2
B,clothes,衫,shirt.png,Shirt,Shirt,Winter,Learn,0b00ffb990b07b9ba937e38567710836,FALSE,FALSE,FALSE,FALSE
B,family,奶,grandma.png,Grandma,Grandma,Winter,Learn,0b00ffb990b07b9ba937e38567710836,FALSE,FALSE,FALSE,FALSE
B,actions,学,learn.png,Learn,Learn,Shirt,Winter,0b00ffb990b07b9ba937e38567710836,FALSE,FALSE,FALSE,FALSE
B,grains,饭,rice.png,Rice,Rice,Moon,Shirt,0b00ffb990b07b9ba937e38567710836,FALSE,FALSE,FALSE,FALSE
B,atmosphere,月,moon.png,Moon,Moon,Rice,Learn,0b00ffb990b07b9ba937e38567710836,FALSE,FALSE,FALSE,FALSE
B,clothes,衫,shirt.png,Shirt,Shirt,Ice,Milk,0b00ffb990b07b9ba937e38567710836,FALSE,FALSE,FALSE,FALSE
B,actions,学,learn.png,Milk,Learn,Moon,Winter,0b00ffb990b07b9ba937e38567710836,FALSE,FALSE,FALSE,FALSE
B,grains,饭,rice.png,Rice,Rice,Learn,Grandma,0b00ffb990b07b9ba937e38567710836,FALSE,FALSE,FALSE,FALSE
B,atmosphere,月,moon.png,Moon,Moon,Milk,Winter,0b00ffb990b07b9ba937e38567710836,FALSE,FALSE,FALSE,FALSE
B,seasonal,冬,winter.png,Winter,Winter,Grandma,Ice,0b00ffb990b07b9ba937e38567710836,FALSE,FALSE,FALSE,FALSE
B,seasonal,冬,winter.png,Winter,Winter,Moon,Milk,0b00ffb990b07b9ba937e38567710836,FALSE,FALSE,FALSE,FALSE
B,dairy,牙,milk.png,Milk,Milk,Rice,Learn,0b00ffb990b07b9ba937e38567710836,FALSE,FALSE,FALSE,FALSE
B,dairy,牙,milk.png,Ice,Milk,Rice,Winter,0b00ffb990b07b9ba937e38567710836,FALSE,FALSE,FALSE,FALSE
B,atmosphere,月,moon.png,Learn,Moon,Ice,Rice,0b00ffb990b07b9ba937e38567710836,FALSE,FALSE,FALSE,FALSE
B,geology,冰,ice.png,Grandma,Ice,Moon,Learn,0b00ffb990b07b9ba937e38567710836,FALSE,FALSE,FALSE,FALSE
B,dairy,牙,milk.png,Milk,Milk,Ice,Grandma,0b00ffb990b07b9ba937e38567710836,FALSE,FALSE,FALSE,FALSE
B,geology,冰,ice.png,Ice,Ice,Milk,Winter,0b00ffb990b07b9ba937e38567710836,FALSE,FALSE,FALSE,FALSE
B,clothes,衫,shirt.png,Milk,Shirt,Ice,Rice,0b00ffb990b07b9ba937e38567710836,FALSE,FALSE,FALSE,FALSE
B,geology,冰,ice.png,Ice,Ice,Moon,Grandma,0b00ffb990b07b9ba937e38567710836,FALSE,FALSE,FALSE,FALSE
B,grains,饭,rice.png,Moon,Rice,Milk,Shirt,0b00ffb990b07b9ba937e38567710836,FALSE,FALSE,FALSE,FALSE
B,seasonal,冬,winter.png,Shirt,Winter,Learn,Milk,0b00ffb990b07b9ba937e38567710836,FALSE,FALSE,FALSE,FALSE
B,family,奶,grandma.png,Grandma,Grandma,Milk,Ice,0b00ffb990b07b9ba937e38567710836,FALSE,FALSE,FALSE,FALSE
B,grains,饭,rice.png,Grandma,Rice,Winter,Ice,0b00ffb990b07b9ba937e38567710836,FALSE,FALSE,FALSE,FALSE
B,family,奶,grandma.png,Milk,Grandma,Learn,Rice,0b00ffb990b07b9ba937e38567710836,FALSE,FALSE,FALSE,FALSE
B,seasonal,冬,winter.png,Grandma,Winter,Moon,Ice,0b00ffb990b07b9ba937e38567710836,FALSE,FALSE,FALSE,FALSE
B,family,奶,grandma.png,Winter,Grandma,Moon,Ice,0b00ffb990b07b9ba937e38567710836,FALSE,FALSE,FALSE,FALSE
B,geology,冰,ice.png,Milk,Ice,Shirt,Rice,0b00ffb990b07b9ba937e38567710836,FALSE,FALSE,FALSE,FALSE
B,dairy,牙,milk.png,Moon,Milk,Grandma,Learn,0b00ffb990b07b9ba937e38567710836,FALSE,FALSE,FALSE,FALSE
B,clothes,衫,shirt.png,Moon,Shirt,Winter,Learn,0b00ffb990b07b9ba937e38567710836,FALSE,FALSE,FALSE,FALSE
B,actions,学,learn.png,Shirt,Learn,Grandma,Ice,0b00ffb990b07b9ba937e38567710836,FALSE,FALSE,FALSE,FALSE
B,atmosphere,月,moon.png,Winter,Moon,Shirt,Milk,0b00ffb990b07b9ba937e38567710836,FALSE,FALSE,FALSE,FALSE
B,actions,学,learn.png,Learn,Learn,Moon,Grandma,0b00ffb990b07b9ba937e38567710836,FALSE,FALSE,FALSE,FALSE
