set,category,character,filename,current_word,correct_word,incorrect1,incorrect2,create_md5_hash,current_eq_incorrect1,current_eq_incorrect2,correct_eq_incorrect1,correct_eq_incorrect2
B,geology,冰,ice.png,Moon,Ice,Milk,Grandma,8a78610fb4ac3129a7f70e24b535a380,FALSE,FALSE,FALSE,FALSE
B,atmosphere,月,moon.png,Moon,Moon,Grandma,Learn,8a78610fb4ac3129a7f70e24b535a380,FALSE,FALSE,FALSE,FALSE
B,actions,学,learn.png,Winter,Learn,Moon,Ice,8a78610fb4ac3129a7f70e24b535a380,FALSE,FALSE,FALSE,FALSE
B,actions,学,learn.png,Rice,Learn,Grandma,Milk,8a78610fb4ac3129a7f70e24b535a380,FALSE,FALSE,FALSE,FALSE
B,geology,冰,ice.png,Ice,Ice,Learn,Shirt,8a78610fb4ac3129a7f70e24b535a380,FALSE,FALSE,FALSE,FALSE
B,dairy,牙,milk.png,Grandma,Milk,Ice,Moon,8a78610fb4ac3129a7f70e24b535a380,FALSE,FALSE,FALSE,FALSE
B,grains,饭,rice.png,Ice,Rice,Grandma,Learn,8a78610fb4ac3129a7f70e24b535a380,FALSE,FALSE,FALSE,FALSE
B,atmosphere,月,moon.png,Moon,Moon,Winter,Ice,8a78610fb4ac3129a7f70e24b535a380,FALSE,FALSE,FALSE,FALSE
B,grains,饭,rice.png,Rice,Rice,Milk,Learn,8a78610fb4ac3129a7f70e24b535a380,FALSE,FALSE,FALSE,FALSE
B,clothes,衫,shirt.png,Shirt,Shirt,Ice,Moon,8a78610fb4ac3129a7f70e24b535a380,FALSE,FALSE,FALSE,FALSE
B,seasonal,冬,winter.png,Grandma,Winter,Shirt,Learn,8a78610fb4ac3129a7f70e24b535a380,FALSE,FALSE,FALSE,FALSE
B,seasonal,冬,winter.png,Winter,Winter,Ice,Learn,8a78610fb4ac3129a7f70e24b535a380,FALSE,FALSE,FALSE,FALSE
B,seasonal,冬,winter.png,Ice,Winter,Milk,Rice,8a78610fb4ac3129a7f70e24b535a380,FALSE,FALSE,FALSE,FALSE
B,family,奶,grandma.png,Grandma,Grandma,Ice,Winter,8a78610fb4ac3129a7f70e24b535a380,FALSE,FALSE,FALSE,FALSE
B,seasonal,冬,winter.png,Winter,Winter,Rice,Moon,8a78610fb4ac3129a7f70e24b535a380,FALSE,FALSE,FALSE,FALSE
B,family,奶,grandma.png,Grandma,Grandma,Shirt,Moon,8a78610fb4ac3129a7f70e24b535a380,FALSE,FALSE,FALSE,FALSE
B,family,奶,grandma.png,Shirt,Grandma,Winter,Milk,8a78610fb4ac3129a7f70e24b535a380,FALSE,FALSE,FALSE,FALSE
B,clothes,衫,shirt.png,Learn,Shirt,Milk,Moon,8a78610fb4ac3129a7f70e24b535a380,FALSE,FALSE,FALSE,FALSE
B,dairy,牙,milk.png,Milk,Milk,Winter,Rice,8a78610fb4ac3129a7f70e24b535a380,FALSE,FALSE,FALSE,FALSE
B,clothes,衫,shirt.png,Shirt,Shirt,Rice,Winter,8a78610fb4ac3129a7f70e24b535a380,FALSE,FALSE,FALSE,FALSE
B,actions,学,learn.png,Learn,Learn,Ice,Milk,8a78610fb4ac3129a7f70e24b535a380,FALSE,FALSE,FALSE,FALSE
B,clothes,衫,shirt.png,Ice,Shirt,Rice,Winter,8a78610fb4ac3129a7f70e24b535a380,FALSE,FALSE,FALSE,FALSE
B,dairy,牙,milk.png,Rice,Milk,Shirt,Learn,8a78610fb4ac3129a7f70e24b535a380,FALSE,FALSE,FALSE,FALSE
B,geology,冰,ice.png,Ice,Ice,Rice,Winter,8a78610fb4ac3129a7f70e24b535a380,FALSE,FALSE,FALSE,FALSE
B,dairy,牙,milk.png,Milk,Milk,Grandma,Ice,8a78610fb4ac3129a7f70e24b535a380,FALSE,FALSE,FALSE,FALSE
B,grains,饭,rice.png,Rice,Rice,Ice,Winter,8a78610fb4ac3129a7f70e24b535a380,FALSE,FALSE,FALSE,FALSE
B,actions,学,learn.png,Learn,Learn,Winter,Rice,8a78610fb4ac3129a7f70e24b535a380,FALSE,FALSE,FALSE,FALSE
B,grains,饭,rice.png,Moon,Rice,Milk,Shirt,8a78610fb4ac3129a7f70e24b535a380,FALSE,FALSE,FALSE,FALSE
B,atmosphere,月,moon.png,Shirt,Moon,Learn,Milk,8a78610fb4ac3129a7f70e24b535a380,FALSE,FALSE,FALSE,FALSE
B,family,奶,grandma.png,Ice,Grandma,Learn,Rice,8a78610fb4ac3129a7f70e24b535a380,FALSE,FALSE,FALSE,FALSE
B,atmosphere,月,moon.png,Rice,Moon,Winter,Grandma,8a78610fb4ac3129a7f70e24b535a380,FALSE,FALSE,FALSE,FALSE
B,geology,冰,ice.png,Learn,Ice,Shirt,Rice,8a78610fb4ac3129a7f70e24b535a380,FALSE,FALSE,FALSE,FALSE
