set,category,character,filename,current_word,correct_word,incorrect1,incorrect2,create_md5_hash,current_eq_incorrect1,current_eq_incorrect2,correct_eq_incorrect1,correct_eq_incorrect2
B,dairy,牙,milk.png,Learn,Milk,Grandma,Ice,315fe727f969db052b5f0e9587aa2f32,FALSE,FALSE,FALSE,FALSE
B,family,奶,grandma.png,Grandma,Grandma,Milk,Ice,315fe727f969db052b5f0e9587aa2f32,FALSE,FALSE,FALSE,FALSE
B,seasonal,冬,winter.png,Shirt,Winter,Moon,Grandma,315fe727f969db052b5f0e9587aa2f32,FALSE,FALSE,FALSE,FALSE
B,actions,学,learn.png,Grandma,Learn,Milk,Moon,315fe727f969db052b5f0e9587aa2f32,FALSE,FALSE,FALSE,FALSE
B,family,奶,grandma.png,Moon,Grandma,Shirt,Winter,315fe727f969db052b5f0e9587aa2f32,FALSE,FALSE,FALSE,FALSE
B,family,奶,grandma.png,Grandma,Grandma,Moon,Winter,315fe727f969db052b5f0e9587aa2f32,FALSE,FALSE,FALSE,FALSE
B,actions,学,learn.png,Learn,Learn,Shirt,Grandma,315fe727f969db052b5f0e9587aa2f32,FALSE,FALSE,FALSE,FALSE
B,seasonal,冬,winter.png,Milk,Winter,Learn,Rice,315fe727f969db052b5f0e9587aa2f32,FALSE,FALSE,FALSE,FALSE
B,grains,饭,rice.png,Ice,Rice,Learn,Grandma,315fe727f969db052b5f0e9587aa2f32,FALSE,FALSE,FALSE,FALSE
B,seasonal,冬,winter.png,Winter,Winter,Grandma,Ice,315fe727f969db052b5f0e9587aa2f32,FALSE,FALSE,FALSE,FALSE
B,dairy,牙,milk.png,Milk,Milk,Rice,Winter,315fe727f969db052b5f0e9587aa2f32,FALSE,FALSE,FALSE,FALSE
B,geology,冰,ice.png,Ice,Ice,Shirt,Learn,315fe727f969db052b5f0e9587aa2f32,FALSE,FALSE,FALSE,FALSE
B,dairy,牙,milk.png,Milk,Milk,Shirt,Learn,315fe727f969db052b5f0e9587aa2f32,FALSE,FALSE,FALSE,FALSE
B,seasonal,冬,winter.png,Winter,Winter,Moon,Milk,315fe727f969db052b5f0e9587aa2f32,FALSE,FALSE,FALSE,FALSE
B,atmosphere,月,moon.png,Moon,Moon,Rice,Ice,315fe727f969db052b5f0e9587aa2f32,FALSE,FALSE,FALSE,FALSE
B,clothes,衫,shirt.png,Shirt,Shirt,Grandma,Moon,315fe727f969db052b5f0e9587aa2f32,FALSE,FALSE,FALSE,FALSE
B,dairy,牙,milk.png,Shirt,Milk,Winter,Rice,315fe727f969db052b5f0e9587aa2f32,FALSE,FALSE,FALSE,FALSE
B,actions,学,learn.png,Learn,Learn,Milk,Winter,315fe727f969db052b5f0e9587aa2f32,FALSE,FALSE,FALSE,FALSE
B,clothes,衫,shirt.png,Winter,Shirt,Rice,Learn,315fe727f969db052b5f0e9587aa2f32,FALSE,FALSE,FALSE,FALSE
B,clothes,衫,shirt.png,Shirt,Shirt,Milk,Winter,315fe727f969db052b5f0e9587aa2f32,FALSE,FALSE,FALSE,FALSE
B,geology,冰,ice.png,Grandma,Ice,Shirt,Rice,315fe727f969db052b5f0e9587aa2f32,FALSE,FALSE,FALSE,FALSE
B,clothes,衫,shirt.png,Milk,Shirt,Ice,Moon,315fe727f969db052b5f0e9587aa2f32,FALSE,FALSE,FALSE,FALSE
B,atmosphere,月,moon.png,Rice,Moon,Shirt,Learn,315fe727f969db052b5f0e9587aa2f32,FALSE,FALSE,FALSE,FALSE
B,atmosphere,月,moon.png,Winter,Moon,Ice,Grandma,315fe727f969db052b5f0e9587aa2f32,FALSE,FALSE,FALSE,FALSE
B,actions,学,learn.png,Winter,Learn,Ice,Shirt,315fe727f969db052b5f0e9587aa2f32,FALSE,FALSE,FALSE,FALSE
B,grains,饭,rice.png,Rice,Rice,Moon,Winter,315fe727f969db052b5f0e9587aa2f32,FALSE,FALSE,FALSE,FALSE
B,geology,冰,ice.png,Ice,Ice,Grandma,Winter,315fe727f969db052b5f0e9587aa2f32,FALSE,FALSE,FALSE,FALSE
B,family,奶,grandma.png,Rice,Grandma,Milk,Learn,315fe727f969db052b5f0e9587aa2f32,FALSE,FALSE,FALSE,FALSE
B,grains,饭,rice.png,Rice,Rice,Shirt,Ice,315fe727f969db052b5f0e9587aa2f32,FALSE,FALSE,FALSE,FALSE
B,grains,饭,rice.png,Milk,Rice,Moon,Shirt,315fe727f969db052b5f0e9587aa2f32,FALSE,FALSE,FALSE,FALSE
B,atmosphere,月,moon.png,Moon,Moon,Grandma,Shirt,315fe727f969db052b5f0e9587aa2f32,FALSE,FALSE,FALSE,FALSE
B,geology,冰,ice.png,Milk,Ice,Learn,Moon,315fe727f969db052b5f0e9587aa2f32,FALSE,FALSE,FALSE,FALSE
