set,category,character,filename,current_word,correct_word,incorrect1,incorrect2,create_md5_hash,current_eq_incorrect1,current_eq_incorrect2,correct_eq_incorrect1,correct_eq_incorrect2
B,actions,学,learn.png,Moon,Learn,Winter,Ice,80cead84c6f1cf3f7de1e39221216d4a,FALSE,FALSE,FALSE,FALSE
B,family,奶,grandma.png,Rice,Grandma,Ice,Shirt,80cead84c6f1cf3f7de1e39221216d4a,FALSE,FALSE,FALSE,FALSE
B,atmosphere,月,moon.png,Grandma,Moon,Learn,Milk,80cead84c6f1cf3f7de1e39221216d4a,FALSE,FALSE,FALSE,FALSE
B,dairy,牙,milk.png,Shirt,Milk,Ice,Winter,80cead84c6f1cf3f7de1e39221216d4a,FALSE,FALSE,FALSE,FALSE
B,atmosphere,月,moon.png,Moon,Moon,Milk,Winter,80cead84c6f1cf3f7de1e39221216d4a,FALSE,FALSE,FALSE,FALSE
B,actions,学,learn.png,Milk,Learn,Shirt,Rice,80cead84c6f1cf3f7de1e39221216d4a,FALSE,FALSE,FALSE,FALSE
B,grains,饭,rice.png,Rice,Rice,Grandma,Shirt,80cead84c6f1cf3f7de1e39221216d4a,FALSE,FALSE,FALSE,FALSE
B,seasonal,冬,winter.png,Winter,Winter,Ice,Moon,80cead84c6f1cf3f7de1e39221216d4a,FALSE,FALSE,FALSE,FALSE
B,grains,饭,rice.png,Grandma,Rice,Learn,Milk,80cead84c6f1cf3f7de1e39221216d4a,FALSE,FALSE,FALSE,FALSE
B,actions,学,learn.png,Learn,Learn,Moon,Grandma,80cead84c6f1cf3f7de1e39221216d4a,FALSE,FALSE,FALSE,FALSE
B,seasonal,冬,winter.png,Shirt,Winter,Milk,Moon,80cead84c6f1cf3f7de1e39221216d4a,FALSE,FALSE,FALSE,FALSE
B,dairy,牙,milk.png,Milk,Milk,Learn,Winter,80cead84c6f1cf3f7de1e39221216d4a,FALSE,FALSE,FALSE,FALSE
B,geology,冰,ice.png,Milk,Ice,Shirt,Rice,80cead84c6f1cf3f7de1e39221216d4a,FALSE,FALSE,FALSE,FALSE
B,grains,饭,rice.png,Ice,Rice,Shirt,Winter,80cead84c6f1cf3f7de1e39221216d4a,FALSE,FALSE,FALSE,FALSE
B,dairy,牙,milk.png,Moon,Milk,Learn,Grandma,80cead84c6f1cf3f7de1e39221216d4a,FALSE,FALSE,FALSE,FALSE
B,clothes,衫,shirt.png,Shirt,Shirt,Rice,Moon,80cead84c6f1cf3f7de1e39221216d4a,FALSE,FALSE,FALSE,FALSE
B,actions,学,learn.png,Learn,Learn,Milk,Rice,80cead84c6f1cf3f7de1e39221216d4a,FALSE,FALSE,FALSE,FALSE
B,family,奶,grandma.png,Winter,Grandma,Learn,Milk,80cead84c6f1cf3f7de1e39221216d4a,FALSE,FALSE,FALSE,FALSE
B,geology,冰,ice.png,Ice,Ice,Milk,Learn,80cead84c6f1cf3f7de1e39221216d4a,FALSE,FALSE,FALSE,FALSE
B,dairy,牙,milk.png,Milk,Milk,Ice,Rice,80cead84c6f1cf3f7de1e39221216d4a,FALSE,FALSE,FALSE,FALSE
B,grains,饭,rice.png,Rice,Rice,Moon,Winter,80cead84c6f1cf3f7de1e39221216d4a,FALSE,FALSE,FALSE,FALSE
B,seasonal,冬,winter.png,Winter,Winter,Milk,Learn,80cead84c6f1cf3f7de1e39221216d4a,FALSE,FALSE,FALSE,FALSE
B,seasonal,冬,winter.png,Rice,Winter,Ice,Grandma,80cead84c6f1cf3f7de1e39221216d4a,FALSE,FALSE,FALSE,FALSE
B,geology,冰,ice.png,Learn,Ice,Grandma,Winter,80cead84c6f1cf3f7de1e39221216d4a,FALSE,FALSE,FALSE,FALSE
B,clothes,衫,shirt.png,Ice,Shirt,Milk,Rice,80cead84c6f1cf3f7de1e39221216d4a,FALSE,FALSE,FALSE,FALSE
B,family,奶,grandma.png,Grandma,Grandma,Learn,Moon,80cead84c6f1cf3f7de1e39221216d4a,FALSE,FALSE,FALSE,FALSE
B,clothes,衫,shirt.png,Shirt,Shirt,Milk,Grandma,80cead84c6f1cf3f7de1e39221216d4a,FALSE,FALSE,FALSE,FALSE
B,geology,冰,ice.png,Ice,Ice,Moon,Rice,80cead84c6f1cf3f7de1e39221216d4a,FALSE,FALSE,FALSE,FALSE
B,family,奶,grandma.png,Grandma,Grandma,Rice,Winter,80cead84c6f1cf3f7de1e39221216d4a,FALSE,FALSE,FALSE,FALSE
B,atmosphere,月,moon.png,Ice,Moon,Shirt,Rice,80cead84c6f1cf3f7de1e39221216d4a,FALSE,FALSE,FALSE,FALSE
B,atmosphere,月,moon.png,Moon,Moon,Grandma,Shirt,80cead84c6f1cf3f7de1e39221216d4a,FALSE,FALSE,FALSE,FALSE
B,clothes,衫,shirt.png,Winter,Shirt,Learn,Moon,80cead84c6f1cf3f7de1e39221216d4a,FALSE,FALSE,FALSE,FALSE
