Set,category,character_index,stroke_count,character,correct_word,current_word,filename,match,pairing_md5,create_id
A,foods,92,6,汤,Soup,Hand,soup.png,FALSE,dfe5cc83ea4d3022a17ec3c97a34cca6,4
A,furniture,24,6,灯,Lamp,Lamp,lamp.png,TRUE,2976de61d20dc41dbb8ffacdb2b43c9d,4
A,fruit,41,8,茄,Tomato,Tomato,tomato.png,TRUE,aea071454dca7a0de63a675c5574fadb,4
A,office,75,7,纸,Paper,Paper,paper.png,TRUE,c4422c05e8e0f41975b2123f8d377bed,4
A,animals,33,4,马,Horse,Lamp,horse.png,FALSE,c27ae1a039e236407618ab025ab7335a,4
A,body,8,4,手,Hand,Soup,hand.png,FALSE,32d29c792375b87556440ecb54ab395e,4
A,fruit,41,8,茄,Tomato,Island,tomato.png,FALSE,682fbb87a6af971b2ee13c2035394f02,4
A,foods,92,6,汤,Soup,Tomato,soup.png,FALSE,a9501d3433bf573287164e802d41306c,4
A,animals,33,4,马,Horse,Red,horse.png,FALSE,a91d58cdfcea596071af712847239e0d,4
A,office,75,7,纸,Paper,Tomato,paper.png,FALSE,4dab3a9937cfa0fb1ba06a9ba6e6927b,4
A,animals,33,4,马,Horse,Horse,horse.png,TRUE,b9f9fea6a4f2caaa09b27ed37081235c,4
A,animals,33,4,马,Horse,Horse,horse.png,TRUE,b9f9fea6a4f2caaa09b27ed37081235c,4
A,color,10,6,红,Red,Red,red.png,TRUE,0b0ddd21bc41cd3087fe59230b6282b7,4
A,body,8,4,手,Hand,Red,hand.png,FALSE,90d7556464071d34b5dd6427fe4fe108,4
A,geography,66,7,岛,Island,Island,island.png,TRUE,b8171b43371c479c90e3bb3a154d4bb1,4
A,furniture,24,6,灯,Lamp,Island,lamp.png,FALSE,1454bf7bd6782add5b6c6f8d69c36fa3,4
A,geography,66,7,岛,Island,Island,island.png,TRUE,b8171b43371c479c90e3bb3a154d4bb1,4
A,office,75,7,纸,Paper,Paper,paper.png,TRUE,c4422c05e8e0f41975b2123f8d377bed,4
A,foods,92,6,汤,Soup,Soup,soup.png,TRUE,5feda4569c4b7b6c1b553c1eedb8c569,4
A,furniture,24,6,灯,Lamp,Soup,lamp.png,FALSE,03e30e2742d9f38a68c1a8d0672587cf,4
A,geography,66,7,岛,Island,Horse,island.png,FALSE,d5726bd4066a3fa808d15f6e3724288f,4
A,fruit,41,8,茄,Tomato,Tomato,tomato.png,TRUE,aea071454dca7a0de63a675c5574fadb,4
A,foods,92,6,汤,Soup,Soup,soup.png,TRUE,5feda4569c4b7b6c1b553c1eedb8c569,4
A,body,8,4,手,Hand,Hand,hand.png,TRUE,a351144ce3f48779c4b5252da2b4ef40,4
A,fruit,41,8,茄,Tomato,Paper,tomato.png,FALSE,d2ab36c372de847458b958eae29d4e6a,4
A,color,10,6,红,Red,Paper,red.png,FALSE,f405b316a9649080028d9ec5ed5599fb,4
A,geography,66,7,岛,Island,Lamp,island.png,FALSE,023df20ef7924fd00de705092464351a,4
A,body,8,4,手,Hand,Hand,hand.png,TRUE,a351144ce3f48779c4b5252da2b4ef40,4
A,furniture,24,6,灯,Lamp,Lamp,lamp.png,TRUE,2976de61d20dc41dbb8ffacdb2b43c9d,4
A,color,10,6,红,Red,Red,red.png,TRUE,0b0ddd21bc41cd3087fe59230b6282b7,4
A,office,75,7,纸,Paper,Hand,paper.png,FALSE,006a244777c34bdcffc83a35a458a196,4
A,color,10,6,红,Red,Horse,red.png,FALSE,09dd67565319ca3cb5eb31a6603cd47c,4
